-- MariaDB dump 10.19  Distrib 10.11.6-MariaDB, for debian-linux-gnu (x86_64)
--
-- Host: localhost    Database: aiquimia
-- ------------------------------------------------------
-- Server version	10.11.6-MariaDB-0+deb12u1

/*!40101 SET @OLD_CHARACTER_SET_CLIENT=@@CHARACTER_SET_CLIENT */;
/*!40101 SET @OLD_CHARACTER_SET_RESULTS=@@CHARACTER_SET_RESULTS */;
/*!40101 SET @OLD_COLLATION_CONNECTION=@@COLLATION_CONNECTION */;
/*!40101 SET NAMES utf8mb4 */;
/*!40103 SET @OLD_TIME_ZONE=@@TIME_ZONE */;
/*!40103 SET TIME_ZONE='+00:00' */;
/*!40014 SET @OLD_UNIQUE_CHECKS=@@UNIQUE_CHECKS, UNIQUE_CHECKS=0 */;
/*!40014 SET @OLD_FOREIGN_KEY_CHECKS=@@FOREIGN_KEY_CHECKS, FOREIGN_KEY_CHECKS=0 */;
/*!40101 SET @OLD_SQL_MODE=@@SQL_MODE, SQL_MODE='NO_AUTO_VALUE_ON_ZERO' */;
/*!40111 SET @OLD_SQL_NOTES=@@SQL_NOTES, SQL_NOTES=0 */;

--
-- Table structure for table `auth_group`
--

DROP TABLE IF EXISTS `auth_group`;
/*!40101 SET @saved_cs_client     = @@character_set_client */;
/*!40101 SET character_set_client = utf8 */;
CREATE TABLE `auth_group` (
  `id` int(11) NOT NULL AUTO_INCREMENT,
  `name` varchar(150) NOT NULL,
  PRIMARY KEY (`id`),
  UNIQUE KEY `name` (`name`)
) ENGINE=InnoDB AUTO_INCREMENT=2 DEFAULT CHARSET=utf8mb4 COLLATE=utf8mb4_general_ci;
/*!40101 SET character_set_client = @saved_cs_client */;

--
-- Dumping data for table `auth_group`
--

LOCK TABLES `auth_group` WRITE;
/*!40000 ALTER TABLE `auth_group` DISABLE KEYS */;
INSERT INTO `auth_group` VALUES
(1,'Administradores');
/*!40000 ALTER TABLE `auth_group` ENABLE KEYS */;
UNLOCK TABLES;

--
-- Table structure for table `auth_group_permissions`
--

DROP TABLE IF EXISTS `auth_group_permissions`;
/*!40101 SET @saved_cs_client     = @@character_set_client */;
/*!40101 SET character_set_client = utf8 */;
CREATE TABLE `auth_group_permissions` (
  `id` bigint(20) NOT NULL AUTO_INCREMENT,
  `group_id` int(11) NOT NULL,
  `permission_id` int(11) NOT NULL,
  PRIMARY KEY (`id`),
  UNIQUE KEY `auth_group_permissions_group_id_permission_id_0cd325b0_uniq` (`group_id`,`permission_id`),
  KEY `auth_group_permissio_permission_id_84c5c92e_fk_auth_perm` (`permission_id`)
) ENGINE=InnoDB AUTO_INCREMENT=33 DEFAULT CHARSET=utf8mb4 COLLATE=utf8mb4_general_ci;
/*!40101 SET character_set_client = @saved_cs_client */;

--
-- Dumping data for table `auth_group_permissions`
--

LOCK TABLES `auth_group_permissions` WRITE;
/*!40000 ALTER TABLE `auth_group_permissions` DISABLE KEYS */;
INSERT INTO `auth_group_permissions` VALUES
(1,1,1),
(2,1,2),
(3,1,3),
(4,1,4),
(5,1,5),
(6,1,6),
(7,1,7),
(8,1,8),
(9,1,9),
(10,1,10),
(11,1,11),
(12,1,12),
(13,1,13),
(14,1,14),
(15,1,15),
(16,1,16),
(17,1,17),
(18,1,18),
(19,1,19),
(20,1,20),
(21,1,21),
(22,1,22),
(23,1,23),
(24,1,24),
(25,1,25),
(26,1,26),
(27,1,27),
(28,1,28),
(29,1,29),
(30,1,30),
(31,1,31),
(32,1,32);
/*!40000 ALTER TABLE `auth_group_permissions` ENABLE KEYS */;
UNLOCK TABLES;

--
-- Table structure for table `auth_permission`
--

DROP TABLE IF EXISTS `auth_permission`;
/*!40101 SET @saved_cs_client     = @@character_set_client */;
/*!40101 SET character_set_client = utf8 */;
CREATE TABLE `auth_permission` (
  `id` int(11) NOT NULL AUTO_INCREMENT,
  `name` varchar(255) NOT NULL,
  `content_type_id` int(11) NOT NULL,
  `codename` varchar(100) NOT NULL,
  PRIMARY KEY (`id`),
  UNIQUE KEY `auth_permission_content_type_id_codename_01ab375a_uniq` (`content_type_id`,`codename`)
) ENGINE=InnoDB AUTO_INCREMENT=33 DEFAULT CHARSET=utf8mb4 COLLATE=utf8mb4_general_ci;
/*!40101 SET character_set_client = @saved_cs_client */;

--
-- Dumping data for table `auth_permission`
--

LOCK TABLES `auth_permission` WRITE;
/*!40000 ALTER TABLE `auth_permission` DISABLE KEYS */;
INSERT INTO `auth_permission` VALUES
(1,'Can add log entry',1,'add_logentry'),
(2,'Can change log entry',1,'change_logentry'),
(3,'Can delete log entry',1,'delete_logentry'),
(4,'Can view log entry',1,'view_logentry'),
(5,'Can add permission',2,'add_permission'),
(6,'Can change permission',2,'change_permission'),
(7,'Can delete permission',2,'delete_permission'),
(8,'Can view permission',2,'view_permission'),
(9,'Can add group',3,'add_group'),
(10,'Can change group',3,'change_group'),
(11,'Can delete group',3,'delete_group'),
(12,'Can view group',3,'view_group'),
(13,'Can add user',4,'add_user'),
(14,'Can change user',4,'change_user'),
(15,'Can delete user',4,'delete_user'),
(16,'Can view user',4,'view_user'),
(17,'Can add content type',5,'add_contenttype'),
(18,'Can change content type',5,'change_contenttype'),
(19,'Can delete content type',5,'delete_contenttype'),
(20,'Can view content type',5,'view_contenttype'),
(21,'Can add session',6,'add_session'),
(22,'Can change session',6,'change_session'),
(23,'Can delete session',6,'delete_session'),
(24,'Can view session',6,'view_session'),
(25,'Can add Combinaci贸n',7,'add_dbcombinaciones'),
(26,'Can change Combinaci贸n',7,'change_dbcombinaciones'),
(27,'Can delete Combinaci贸n',7,'delete_dbcombinaciones'),
(28,'Can view Combinaci贸n',7,'view_dbcombinaciones'),
(29,'Can add Elemento',8,'add_dbelementos'),
(30,'Can change Elemento',8,'change_dbelementos'),
(31,'Can delete Elemento',8,'delete_dbelementos'),
(32,'Can view Elemento',8,'view_dbelementos');
/*!40000 ALTER TABLE `auth_permission` ENABLE KEYS */;
UNLOCK TABLES;

--
-- Table structure for table `auth_user`
--

DROP TABLE IF EXISTS `auth_user`;
/*!40101 SET @saved_cs_client     = @@character_set_client */;
/*!40101 SET character_set_client = utf8 */;
CREATE TABLE `auth_user` (
  `id` int(11) NOT NULL AUTO_INCREMENT,
  `password` varchar(128) NOT NULL,
  `last_login` datetime(6) DEFAULT NULL,
  `is_superuser` tinyint(1) NOT NULL,
  `username` varchar(150) NOT NULL,
  `first_name` varchar(150) NOT NULL,
  `last_name` varchar(150) NOT NULL,
  `email` varchar(254) NOT NULL,
  `is_staff` tinyint(1) NOT NULL,
  `is_active` tinyint(1) NOT NULL,
  `date_joined` datetime(6) NOT NULL,
  PRIMARY KEY (`id`),
  UNIQUE KEY `username` (`username`)
) ENGINE=InnoDB AUTO_INCREMENT=18 DEFAULT CHARSET=utf8mb4 COLLATE=utf8mb4_general_ci;
/*!40101 SET character_set_client = @saved_cs_client */;

--
-- Dumping data for table `auth_user`
--

LOCK TABLES `auth_user` WRITE;
/*!40000 ALTER TABLE `auth_user` DISABLE KEYS */;
INSERT INTO `auth_user` VALUES
(1,'pbkdf2_sha256$720000$C6sXU6qlW2rihWpRetK2e1$nsjX92uV11/7K9B3GErwv4OVHxmA1HDAiI4jA+7OSdk=','2024-05-08 21:15:42.278755',1,'Admin','','','hlasmar2601@g.educaand.es',1,1,'2024-04-11 20:23:02.000000'),
(3,'pbkdf2_sha256$720000$9jMRt0DAblnNihEuYkqe9E$3P6AbRqsi3itNnUzwTC6ZusMRUo11nC5musH0faboGE=','2024-04-24 19:25:22.355608',0,'gustavo','','','',0,1,'2024-04-18 19:32:59.597239'),
(4,'pbkdf2_sha256$720000$JZqjLXpy89wp9fG4ONUtOr$wuCQAMuUy+6mafZyt4VqAt8Txc2kxIv5UW179ZDjp/E=','2024-05-13 21:42:09.106179',1,'Hskull55','','','',1,1,'2024-04-22 21:34:23.000000'),
(5,'pbkdf2_sha256$720000$WcInLBwjB7Z9YlBZKktosQ$g9lOknFmcQDJyKWPlVo5CyzB29fBCW6cqQT+QugbVCg=','2024-04-22 21:46:30.104718',0,'TEST','','','',0,1,'2024-04-22 21:46:05.948485'),
(6,'pbkdf2_sha256$720000$A1GmEv6C3MGZULK3A4Thq6$oJ6E2saW4sJCbnwZ+hIFZ2SKqVAEx3/X2x5LGi5DeyI=','2024-04-24 20:39:13.519747',0,'Prueba','','','',0,1,'2024-04-22 21:58:47.424478'),
(7,'pbkdf2_sha256$720000$YaPTEXbjigzzvP0lFuWwDp$gTyBH4P+t9s45r7R3NiXETh2CsL66CfZR8OR4+9R21U=','2024-04-24 18:24:21.814449',0,'CarmeloCaramelo','','','',0,1,'2024-04-23 23:02:04.705687'),
(8,'pbkdf2_sha256$720000$7w4JTehJWg00Xs88ss6HVW$sW72KlGFKDg3NG67+w5blcjOK9BQi5SxKz7XIU5O4FY=','2024-05-09 16:20:32.303596',0,'ranita14','','','',0,1,'2024-04-24 18:53:56.927381'),
(9,'pbkdf2_sha256$720000$608mRRQWgwcIdygjmjQrNN$gGjiFktvfwTIxPFL+Gb9F1Ly5ZSfFI1NGO0DVAqm6Ao=','2024-04-24 20:41:34.314399',0,'PruebaSave','','','',0,1,'2024-04-24 20:38:59.019395'),
(10,'pbkdf2_sha256$720000$Xss0pgOG5KG1xHb8m5Vh2a$oMqCzOGNnR6GCpbO+6IXUKbNfu3ZX+CPemSRxwYduaQ=','2024-05-06 22:17:33.908803',0,'Test2','','','',0,1,'2024-04-25 18:21:16.000000'),
(11,'pbkdf2_sha256$720000$SPab0GL7kbssDneFtbb7wj$KxRGq1mBjzSpdKd8TXGY2tlN6EZ1aK5sXRfzgXIb9ts=','2024-04-29 22:38:36.983247',0,'Robot8750','','','',0,1,'2024-04-29 22:38:24.406656'),
(12,'pbkdf2_sha256$720000$XrBjTgc2HKe3JtJqBlZ2ox$Dn1tdQswHXyNYVqITWbhsioBfI+0qtekgeFzE8+k7zE=','2024-04-29 22:39:45.764721',0,'Cocodrilo4849','','','',0,1,'2024-04-29 22:39:38.510821'),
(13,'pbkdf2_sha256$720000$IF6DzyQuur0vLe0ZXK0WF3$KTTE/xpUjQfVCHPS3wq1IZpGauBtwg4XDpZCvqZgoe0=','2024-04-29 22:40:59.666645',0,'PineappleOnPizza','','','',0,1,'2024-04-29 22:40:52.462499'),
(14,'pbkdf2_sha256$720000$IWGiBmevkQwWH5dCuEK6An$JD2zev6sso4y0xclLee3+pzOB/A4ejpZNm9Q2iAYCIo=','2024-04-29 22:41:41.113909',0,'666','','','',0,1,'2024-04-29 22:41:35.714035'),
(15,'pbkdf2_sha256$720000$D7J2CXwiUZZYCjtmyAn7Cy$YCUMJS2mn+gkW+Dewy/X5a4UW6u5FlKQGVmNmfN9t7A=','2024-04-29 22:42:35.118367',0,'JoeBiden','','','',0,1,'2024-04-29 22:42:18.431010'),
(16,'pbkdf2_sha256$720000$LKQoq2mPcz8bbPTNZZQm8c$pd1mB94aZTOHE7wd6I7xN1/4i1kv9d8xTUPsgHJVuAs=','2024-04-29 22:43:49.325204',0,'BeatThis','','','',0,1,'2024-04-29 22:43:43.144932'),
(17,'pbkdf2_sha256$720000$PhCFUaxw67LwxfBSbDyYDV$zhmEep+gJl2DOE5ScWNDWe2+hhpT5WDfBzwPtDnT6xE=','2024-05-08 22:31:03.319696',0,'Tutorial','','','',0,1,'2024-05-08 22:30:57.047675');
/*!40000 ALTER TABLE `auth_user` ENABLE KEYS */;
UNLOCK TABLES;

--
-- Table structure for table `auth_user_groups`
--

DROP TABLE IF EXISTS `auth_user_groups`;
/*!40101 SET @saved_cs_client     = @@character_set_client */;
/*!40101 SET character_set_client = utf8 */;
CREATE TABLE `auth_user_groups` (
  `id` bigint(20) NOT NULL AUTO_INCREMENT,
  `user_id` int(11) NOT NULL,
  `group_id` int(11) NOT NULL,
  PRIMARY KEY (`id`),
  UNIQUE KEY `auth_user_groups_user_id_group_id_94350c0c_uniq` (`user_id`,`group_id`),
  KEY `auth_user_groups_group_id_97559544_fk_auth_group_id` (`group_id`)
) ENGINE=InnoDB AUTO_INCREMENT=4 DEFAULT CHARSET=utf8mb4 COLLATE=utf8mb4_general_ci;
/*!40101 SET character_set_client = @saved_cs_client */;

--
-- Dumping data for table `auth_user_groups`
--

LOCK TABLES `auth_user_groups` WRITE;
/*!40000 ALTER TABLE `auth_user_groups` DISABLE KEYS */;
INSERT INTO `auth_user_groups` VALUES
(1,1,1),
(2,4,1),
(3,10,1);
/*!40000 ALTER TABLE `auth_user_groups` ENABLE KEYS */;
UNLOCK TABLES;

--
-- Table structure for table `auth_user_user_permissions`
--

DROP TABLE IF EXISTS `auth_user_user_permissions`;
/*!40101 SET @saved_cs_client     = @@character_set_client */;
/*!40101 SET character_set_client = utf8 */;
CREATE TABLE `auth_user_user_permissions` (
  `id` bigint(20) NOT NULL AUTO_INCREMENT,
  `user_id` int(11) NOT NULL,
  `permission_id` int(11) NOT NULL,
  PRIMARY KEY (`id`),
  UNIQUE KEY `auth_user_user_permissions_user_id_permission_id_14a6b632_uniq` (`user_id`,`permission_id`),
  KEY `auth_user_user_permi_permission_id_1fbb5f2c_fk_auth_perm` (`permission_id`)
) ENGINE=InnoDB DEFAULT CHARSET=utf8mb4 COLLATE=utf8mb4_general_ci;
/*!40101 SET character_set_client = @saved_cs_client */;

--
-- Dumping data for table `auth_user_user_permissions`
--

LOCK TABLES `auth_user_user_permissions` WRITE;
/*!40000 ALTER TABLE `auth_user_user_permissions` DISABLE KEYS */;
/*!40000 ALTER TABLE `auth_user_user_permissions` ENABLE KEYS */;
UNLOCK TABLES;

--
-- Table structure for table `combinaciones`
--

DROP TABLE IF EXISTS `combinaciones`;
/*!40101 SET @saved_cs_client     = @@character_set_client */;
/*!40101 SET character_set_client = utf8 */;
CREATE TABLE `combinaciones` (
  `id` int(11) NOT NULL AUTO_INCREMENT,
  `elemento1_id` int(11) NOT NULL,
  `elemento2_id` int(11) NOT NULL,
  `resultado_id` int(11) NOT NULL,
  PRIMARY KEY (`id`),
  KEY `combinaciones_elemento1_id_edff33be` (`elemento1_id`),
  KEY `combinaciones_elemento2_id_26732759` (`elemento2_id`),
  KEY `combinaciones_resultado_id_861fcd42` (`resultado_id`)
) ENGINE=InnoDB AUTO_INCREMENT=1010 DEFAULT CHARSET=utf8mb4 COLLATE=utf8mb4_general_ci;
/*!40101 SET character_set_client = @saved_cs_client */;

--
-- Dumping data for table `combinaciones`
--

LOCK TABLES `combinaciones` WRITE;
/*!40000 ALTER TABLE `combinaciones` DISABLE KEYS */;
INSERT INTO `combinaciones` VALUES
(738,1,4,504),
(739,504,4,505),
(740,2,1,506),
(741,2,3,507),
(742,504,507,508),
(744,509,1,506),
(745,509,509,510),
(746,510,510,508),
(747,1,510,509),
(748,4,506,511),
(749,3,1,512),
(750,3,3,513),
(751,4,4,514),
(752,514,514,515),
(753,515,515,514),
(754,515,514,516),
(755,513,513,517),
(756,2,2,518),
(757,518,518,519),
(758,517,517,520),
(759,520,520,521),
(760,1,1,522),
(761,506,506,523),
(762,518,519,524),
(763,513,517,525),
(764,525,525,526),
(765,526,526,527),
(766,4,524,528),
(767,523,523,529),
(768,529,529,530),
(769,4,510,507),
(770,507,507,508),
(771,508,3,507),
(772,523,507,508),
(773,523,504,514),
(774,514,523,516),
(775,516,516,531),
(776,504,504,505),
(777,505,505,532),
(778,532,532,533),
(779,533,533,534),
(780,534,534,535),
(781,535,535,536),
(782,536,536,537),
(783,514,533,538),
(784,538,538,539),
(785,539,539,540),
(786,540,540,539),
(787,540,538,539),
(788,540,534,539),
(789,509,3,507),
(790,532,539,541),
(791,516,535,531),
(792,531,531,516),
(793,541,534,542),
(794,542,542,539),
(795,542,504,543),
(796,543,543,544),
(797,544,544,543),
(798,544,505,543),
(799,538,544,545),
(800,545,545,546),
(801,546,546,547),
(802,546,1,548),
(803,541,548,542),
(804,2,548,506),
(805,544,535,549),
(806,549,549,550),
(807,550,550,549),
(808,549,4,550),
(809,550,534,551),
(810,551,551,549),
(811,540,551,539),
(812,550,547,552),
(813,546,552,553),
(814,553,553,554),
(815,554,554,555),
(816,555,516,556),
(817,556,556,539),
(818,556,553,557),
(819,557,552,553),
(820,532,557,558),
(821,558,558,559),
(822,559,559,558),
(823,559,4,560),
(824,560,560,511),
(825,511,511,514),
(826,532,511,514),
(827,505,542,561),
(828,511,540,514),
(829,511,538,514),
(830,533,511,514),
(831,511,535,514),
(832,550,511,562),
(833,559,511,514),
(834,558,535,563),
(835,1,533,564),
(836,564,564,565),
(837,565,565,566),
(838,565,540,567),
(839,550,564,549),
(840,564,551,549),
(841,508,564,568),
(842,508,564,568),
(843,568,568,569),
(844,546,568,570),
(845,570,570,571),
(846,571,571,572),
(847,564,571,573),
(848,573,573,574),
(849,574,537,573),
(850,573,572,575),
(851,511,575,576),
(852,535,571,572),
(853,571,1,577),
(854,577,577,578),
(855,578,578,579),
(856,538,579,514),
(857,574,579,580),
(858,571,551,572),
(859,514,511,581),
(860,581,581,514),
(861,581,517,512),
(862,512,515,582),
(863,582,582,583),
(864,583,583,584),
(865,584,584,585),
(866,529,530,586),
(867,586,586,587),
(868,587,587,588),
(869,588,588,529),
(870,588,518,524),
(871,515,518,519),
(872,588,4,589),
(873,589,514,590),
(874,590,590,591),
(875,591,591,592),
(876,523,587,593),
(877,523,591,594),
(878,594,594,595),
(879,595,595,593),
(880,593,515,516),
(881,516,595,531),
(882,589,531,516),
(883,592,519,596),
(884,592,586,597),
(885,597,591,592),
(886,597,592,598),
(887,598,598,599),
(888,599,592,597),
(889,599,598,600),
(890,600,600,601),
(891,601,599,602),
(892,602,598,601),
(893,511,590,514),
(894,4,2,518),
(895,586,602,601),
(896,3,602,601),
(897,524,524,519),
(898,524,530,603),
(899,4,586,587),
(900,592,531,604),
(901,562,536,605),
(902,596,522,506),
(903,4,590,589),
(904,580,536,606),
(905,606,606,607),
(906,607,607,606),
(907,567,511,514),
(908,4,511,514),
(909,560,1,512),
(910,579,507,608),
(911,608,608,609),
(912,609,609,610),
(913,568,605,611),
(914,608,607,612),
(915,554,612,613),
(916,613,613,614),
(917,614,4,561),
(918,579,610,609),
(919,579,579,615),
(920,610,571,609),
(921,560,578,512),
(922,1,544,512),
(923,573,608,574),
(924,571,615,572),
(925,575,572,616),
(926,616,616,572),
(927,572,559,558),
(928,608,578,617),
(929,617,617,618),
(930,617,608,618),
(931,618,618,619),
(932,539,559,557),
(933,547,565,620),
(934,579,545,621),
(935,621,621,622),
(936,2,622,614),
(937,610,574,609),
(938,530,530,529),
(939,588,514,623),
(940,588,530,586),
(941,588,587,624),
(942,607,624,625),
(943,623,623,531),
(944,3,589,590),
(945,3,589,513),
(946,589,589,590),
(947,623,590,516),
(948,546,617,621),
(949,614,590,626),
(950,530,547,620),
(951,530,590,627),
(952,627,627,529),
(953,617,627,628),
(954,628,534,629),
(955,617,629,628),
(956,628,3,618),
(957,618,536,630),
(958,630,607,631),
(959,631,631,632),
(960,632,632,631),
(961,590,632,633),
(962,552,590,589),
(963,618,549,634),
(964,618,549,563),
(965,618,586,635),
(966,635,608,636),
(967,636,590,637),
(968,536,4,537),
(969,590,2,638),
(970,539,638,639),
(971,504,590,640),
(972,640,640,641),
(973,618,640,642),
(974,642,568,621),
(975,536,642,618),
(976,4,514,538),
(977,4,3,560),
(978,514,1,643),
(979,538,2,555),
(980,560,3,644),
(981,514,538,645),
(982,644,555,508),
(983,508,508,507),
(984,4,560,511),
(985,538,644,560),
(986,514,645,538),
(987,538,507,508),
(988,514,513,646),
(989,646,1,647),
(990,647,647,648),
(991,3,647,526),
(992,648,648,512),
(993,644,644,543),
(994,1,648,512),
(995,4,513,649),
(996,586,597,592),
(997,590,598,650),
(998,525,1,651),
(999,526,1,608),
(1000,527,504,652),
(1001,608,517,653),
(1002,653,653,654),
(1003,654,654,655),
(1004,4,651,649),
(1005,522,655,642),
(1006,642,532,628),
(1007,649,532,505),
(1008,527,527,656),
(1009,656,656,657);
/*!40000 ALTER TABLE `combinaciones` ENABLE KEYS */;
UNLOCK TABLES;

--
-- Table structure for table `combinaciones_creadoresC`
--

DROP TABLE IF EXISTS `combinaciones_creadoresC`;
/*!40101 SET @saved_cs_client     = @@character_set_client */;
/*!40101 SET character_set_client = utf8 */;
CREATE TABLE `combinaciones_creadoresC` (
  `id` bigint(20) NOT NULL AUTO_INCREMENT,
  `dbcombinaciones_id` int(11) NOT NULL,
  `user_id` int(11) NOT NULL,
  PRIMARY KEY (`id`),
  UNIQUE KEY `combinaciones_creadoresC_dbcombinaciones_id_user__4f8f4eb8_uniq` (`dbcombinaciones_id`,`user_id`),
  KEY `combinaciones_creadoresC_user_id_9ddc1b71_fk_auth_user_id` (`user_id`)
) ENGINE=InnoDB AUTO_INCREMENT=214 DEFAULT CHARSET=utf8mb4 COLLATE=utf8mb4_general_ci;
/*!40101 SET character_set_client = @saved_cs_client */;

--
-- Dumping data for table `combinaciones_creadoresC`
--

LOCK TABLES `combinaciones_creadoresC` WRITE;
/*!40000 ALTER TABLE `combinaciones_creadoresC` DISABLE KEYS */;
INSERT INTO `combinaciones_creadoresC` VALUES
(198,738,4),
(206,740,4),
(172,740,10),
(196,740,17),
(48,749,8),
(15,750,1),
(202,750,4),
(144,750,10),
(16,751,1),
(18,751,4),
(31,751,8),
(208,760,4),
(9,766,1),
(66,767,8),
(67,768,8),
(147,771,10),
(201,777,4),
(43,845,8),
(69,866,8),
(70,867,8),
(71,868,8),
(72,869,8),
(77,872,8),
(65,874,1),
(64,890,1),
(1,893,1),
(2,894,1),
(199,894,4),
(4,894,8),
(5,895,1),
(6,896,1),
(7,897,1),
(8,898,1),
(19,899,1),
(20,900,1),
(21,901,8),
(22,902,1),
(24,903,1),
(106,903,8),
(25,904,8),
(26,905,8),
(27,906,8),
(29,907,8),
(30,908,1),
(148,908,10),
(32,909,8),
(33,910,8),
(34,911,8),
(35,912,8),
(36,913,8),
(37,914,8),
(38,915,8),
(39,916,8),
(40,917,8),
(41,918,8),
(42,919,8),
(44,920,8),
(45,921,8),
(47,922,8),
(49,923,8),
(50,924,8),
(51,925,8),
(52,926,8),
(53,927,8),
(54,928,8),
(55,929,8),
(56,930,8),
(57,931,8),
(58,932,8),
(59,933,8),
(60,934,8),
(61,935,8),
(62,936,8),
(63,937,8),
(68,938,8),
(73,939,8),
(74,940,8),
(75,941,8),
(76,942,8),
(79,943,8),
(80,944,8),
(81,945,8),
(82,946,8),
(83,947,8),
(84,948,8),
(85,949,8),
(86,950,8),
(87,951,8),
(88,952,8),
(89,953,8),
(90,954,8),
(91,955,8),
(92,956,8),
(93,957,8),
(94,958,8),
(95,959,8),
(96,960,8),
(97,961,8),
(98,962,8),
(100,963,8),
(101,964,8),
(102,965,8),
(104,966,8),
(105,967,8),
(107,968,8),
(108,969,8),
(109,970,8),
(110,971,8),
(111,972,8),
(112,973,8),
(113,974,8),
(114,975,8),
(115,976,10),
(131,977,10),
(132,978,10),
(133,979,10),
(135,980,10),
(137,981,10),
(138,982,10),
(139,983,10),
(141,984,10),
(142,985,10),
(143,986,10),
(146,987,10),
(149,988,10),
(150,989,10),
(152,990,10),
(165,991,10),
(173,992,10),
(174,993,10),
(175,994,10),
(176,995,10),
(178,996,1),
(180,997,1),
(181,998,4),
(182,999,4),
(188,1000,4),
(189,1001,4),
(194,1002,4),
(195,1003,4),
(207,1004,4),
(209,1005,4),
(210,1006,4),
(211,1007,4),
(212,1008,4),
(213,1009,4);
/*!40000 ALTER TABLE `combinaciones_creadoresC` ENABLE KEYS */;
UNLOCK TABLES;

--
-- Table structure for table `django_admin_log`
--

DROP TABLE IF EXISTS `django_admin_log`;
/*!40101 SET @saved_cs_client     = @@character_set_client */;
/*!40101 SET character_set_client = utf8 */;
CREATE TABLE `django_admin_log` (
  `id` int(11) NOT NULL AUTO_INCREMENT,
  `action_time` datetime(6) NOT NULL,
  `object_id` longtext DEFAULT NULL,
  `object_repr` varchar(200) NOT NULL,
  `action_flag` smallint(5) unsigned NOT NULL CHECK (`action_flag` >= 0),
  `change_message` longtext NOT NULL,
  `content_type_id` int(11) DEFAULT NULL,
  `user_id` int(11) NOT NULL,
  PRIMARY KEY (`id`),
  KEY `django_admin_log_content_type_id_c4bce8eb_fk_django_co` (`content_type_id`),
  KEY `django_admin_log_user_id_c564eba6_fk_auth_user_id` (`user_id`)
) ENGINE=InnoDB AUTO_INCREMENT=649 DEFAULT CHARSET=utf8mb4 COLLATE=utf8mb4_general_ci;
/*!40101 SET character_set_client = @saved_cs_client */;

--
-- Dumping data for table `django_admin_log`
--

LOCK TABLES `django_admin_log` WRITE;
/*!40000 ALTER TABLE `django_admin_log` DISABLE KEYS */;
INSERT INTO `django_admin_log` VALUES
(1,'2024-04-11 20:28:22.876152','1','Water',1,'[{\"added\": {}}]',8,1),
(2,'2024-04-11 20:28:25.689941','2','Fire',1,'[{\"added\": {}}]',8,1),
(3,'2024-04-11 20:28:30.160016','3','Earth',1,'[{\"added\": {}}]',8,1),
(4,'2024-04-11 20:28:33.536220','4','Air',1,'[{\"added\": {}}]',8,1),
(5,'2024-04-11 20:56:35.566945','7','Volcano',3,'',8,1),
(6,'2024-04-11 20:56:35.568332','6','Mist',3,'',8,1),
(7,'2024-04-11 20:56:35.571053','5','Steam',3,'',8,1),
(8,'2024-04-11 21:00:31.144353','10','Steam',3,'',8,1),
(9,'2024-04-11 21:00:31.145735','9','Steam',3,'',8,1),
(10,'2024-04-11 21:00:31.150927','8','Steam',3,'',8,1),
(11,'2024-04-11 21:01:21.754774','11','Steam',3,'',8,1),
(12,'2024-04-11 21:02:32.419046','12','Steam',3,'',8,1),
(13,'2024-04-11 21:05:02.611805','19','Volcano',3,'',8,1),
(14,'2024-04-11 21:05:02.613247','18','Eruption',3,'',8,1),
(15,'2024-04-11 21:05:02.614474','17','TurboSteam',3,'',8,1),
(16,'2024-04-11 21:05:02.619706','16','Turbo',3,'',8,1),
(17,'2024-04-11 21:05:02.620761','15','Geysor',3,'',8,1),
(18,'2024-04-11 21:05:02.623591','14','Volcano',3,'',8,1),
(19,'2024-04-11 21:05:02.624785','13','Steam',3,'',8,1),
(20,'2024-04-11 21:11:26.013478','14','ID: 14, Elemento1: Air, Elemento2: Mist, Resultado: Fog',3,'',7,1),
(21,'2024-04-11 21:11:26.015253','13','ID: 13, Elemento1: Steam, Elemento2: Flames, Resultado: Blaze',3,'',7,1),
(22,'2024-04-11 21:11:26.016558','12','ID: 12, Elemento1: Steam, Elemento2: Air, Resultado: Mist',3,'',7,1),
(23,'2024-04-11 21:11:26.017904','11','ID: 11, Elemento1: Air, Elemento2: Fire, Resultado: Flames',3,'',7,1),
(24,'2024-04-11 21:11:26.022809','10','ID: 10, Elemento1: Water, Elemento2: Fire, Resultado: Steam',3,'',7,1),
(25,'2024-04-11 21:11:36.583920','24','Fog',3,'',8,1),
(26,'2024-04-11 21:11:36.585430','23','Blaze',3,'',8,1),
(27,'2024-04-11 21:11:36.586838','22','Mist',3,'',8,1),
(28,'2024-04-11 21:11:36.591169','21','Flames',3,'',8,1),
(29,'2024-04-11 21:11:36.592720','20','Steam',3,'',8,1),
(30,'2024-04-11 21:16:22.654561','33','Plane',3,'',8,1),
(31,'2024-04-11 21:18:05.089972','36','Jet.',3,'',8,1),
(32,'2024-04-11 21:24:00.454156','25','Steam',2,'[{\"changed\": {\"fields\": [\"Descripcion\"]}}]',8,1),
(33,'2024-04-15 17:58:10.891929','1','Water',2,'[{\"changed\": {\"fields\": [\"Imagen\"]}}]',8,1),
(34,'2024-04-15 18:00:00.989701','1','Water',2,'[{\"changed\": {\"fields\": [\"Imagen\"]}}]',8,1),
(35,'2024-04-15 18:00:12.935882','1','Water',2,'[{\"changed\": {\"fields\": [\"Imagen\"]}}]',8,1),
(36,'2024-04-15 18:00:37.326682','2','Fire',2,'[{\"changed\": {\"fields\": [\"Imagen\"]}}]',8,1),
(37,'2024-04-15 18:00:45.330264','4','Air',2,'[{\"changed\": {\"fields\": [\"Imagen\"]}}]',8,1),
(38,'2024-04-15 18:02:29.868629','3','Earth',2,'[{\"changed\": {\"fields\": [\"Imagen\"]}}]',8,1),
(39,'2024-04-15 18:13:05.389532','65','Slimestone',3,'',8,1),
(40,'2024-04-15 18:13:05.392527','64','Flames',3,'',8,1),
(41,'2024-04-15 18:13:05.393785','63','Slime',3,'',8,1),
(42,'2024-04-15 18:13:05.395165','62','Snake',3,'',8,1),
(43,'2024-04-15 18:13:05.396888','61','Summit',3,'',8,1),
(44,'2024-04-15 18:13:05.402442','60','Mountain',3,'',8,1),
(45,'2024-04-15 18:13:05.403846','59','TerraNix',3,'',8,1),
(46,'2024-04-15 18:13:05.405075','58','Hill',3,'',8,1),
(47,'2024-04-15 18:13:05.406534','57','Rising',3,'',8,1),
(48,'2024-04-15 18:13:05.408818','56','Mist',3,'',8,1),
(49,'2024-04-15 18:13:05.410197','55','Phoenix',3,'',8,1),
(50,'2024-04-15 18:13:05.411560','54','Flame',3,'',8,1),
(51,'2024-04-15 18:13:05.412955','53','Mud',3,'',8,1),
(52,'2024-04-15 18:13:05.414435','52','Terra',3,'',8,1),
(53,'2024-04-15 18:13:05.415883','51','\"Gaia\"',3,'',8,1),
(54,'2024-04-15 18:13:05.417332','50','Foam',3,'',8,1),
(55,'2024-04-15 18:13:05.422600','49','Soap',3,'',8,1),
(56,'2024-04-15 18:13:05.423889','48','Pilot',3,'',8,1),
(57,'2024-04-15 18:13:05.425330','47','Fisherman',3,'',8,1),
(58,'2024-04-15 18:13:05.426661','46','Angler',3,'',8,1),
(59,'2024-04-15 18:13:05.428061','45','Glider',3,'',8,1),
(60,'2024-04-15 18:13:05.429564','44','Flyingfish',3,'',8,1),
(61,'2024-04-15 18:13:05.431020','43','Glubble',3,'',8,1),
(62,'2024-04-15 18:13:05.433727','42','Bubble',3,'',8,1),
(63,'2024-04-15 18:13:05.435123','41','Fish',3,'',8,1),
(64,'2024-04-15 18:13:05.436480','40','Aquarium',3,'',8,1),
(65,'2024-04-15 18:13:05.437801','39','Terraform',3,'',8,1),
(66,'2024-04-15 18:13:05.439251','38','Train',3,'',8,1),
(67,'2024-04-15 18:13:05.440573','37','Locomotor',3,'',8,1),
(68,'2024-04-15 18:13:05.444060','35','Trainplane',3,'',8,1),
(69,'2024-04-15 18:13:05.445412','34','Airplane',3,'',8,1),
(70,'2024-04-15 18:13:05.447121','32','Jet',3,'',8,1),
(71,'2024-04-15 18:13:05.448515','31','Plane',3,'',8,1),
(72,'2024-04-15 18:13:05.449979','30','Locomotive',3,'',8,1),
(73,'2024-04-15 18:13:05.451403','29','Engine',3,'',8,1),
(74,'2024-04-15 18:13:05.452977','28','Turbine',3,'',8,1),
(75,'2024-04-15 18:13:05.454240','27','Geysers',3,'',8,1),
(76,'2024-04-15 18:13:05.455497','26','Volcano',3,'',8,1),
(77,'2024-04-15 18:13:05.456832','25','Steam',3,'',8,1),
(78,'2024-04-15 21:08:12.613865','66','Volcano',2,'[{\"changed\": {\"fields\": [\"Imagen\"]}}]',8,1),
(79,'2024-04-15 21:13:28.059033','2','Fire',2,'[{\"changed\": {\"fields\": [\"Imagen\"]}}]',8,1),
(80,'2024-04-15 21:19:42.127999','1','Water',2,'[{\"changed\": {\"fields\": [\"Imagen\"]}}]',8,1),
(81,'2024-04-15 21:30:04.893527','117','Blazepuddle',3,'',8,1),
(82,'2024-04-15 21:30:04.895110','116','Spludge',3,'',8,1),
(83,'2024-04-15 21:30:04.896323','115','Shadowmonster',3,'',8,1),
(84,'2024-04-15 21:30:04.897584','114','Ninja',3,'',8,1),
(85,'2024-04-15 21:30:04.898933','113','Stealth',3,'',8,1),
(86,'2024-04-15 21:30:04.901927','112','Shadowblade',3,'',8,1),
(87,'2024-04-15 21:30:04.903298','111','Griiju',3,'',8,1),
(88,'2024-04-15 21:30:04.907183','110','Flamebreath',3,'',8,1),
(89,'2024-04-15 21:30:04.908403','109','Slicestorm',3,'',8,1),
(90,'2024-04-15 21:30:04.909614','108','Bladebreath',3,'',8,1),
(91,'2024-04-15 21:30:04.910776','107','Geiiju',3,'',8,1),
(92,'2024-04-15 21:30:04.912088','106','Ghuiju',3,'',8,1),
(93,'2024-04-15 21:30:04.913370','105','Ghoul',3,'',8,1),
(94,'2024-04-15 21:30:04.914557','104','Sword',3,'',8,1),
(95,'2024-04-15 21:30:04.917632','103','Obsidian',3,'',8,1),
(96,'2024-04-15 21:30:04.918721','102','Statue',3,'',8,1),
(97,'2024-04-15 21:30:04.920116','101','Sculpture',3,'',8,1),
(98,'2024-04-15 21:30:04.921491','100','Glass',3,'',8,1),
(99,'2024-04-15 21:30:04.922827','99','SAND',3,'',8,1),
(100,'2024-04-15 21:30:04.924239','98','Phoenixair',3,'',8,1),
(101,'2024-04-15 21:30:04.925566','97','Splashageddon',3,'',8,1),
(102,'2024-04-15 21:30:04.926730','96','Magmageddon',3,'',8,1),
(103,'2024-04-15 21:30:04.927851','95','Blazepocalypse',3,'',8,1),
(104,'2024-04-15 21:30:04.929115','94','Inferno',3,'',8,1),
(105,'2024-04-15 21:30:04.930354','93','Kaijuphoenix',3,'',8,1),
(106,'2024-04-15 21:30:04.931466','92','Kaiju',3,'',8,1),
(107,'2024-04-15 21:30:04.932852','91','Monster',3,'',8,1),
(108,'2024-04-15 21:30:04.935872','90','Mythocreature',3,'',8,1),
(109,'2024-04-15 21:30:04.937137','89','Drachimera',3,'',8,1),
(110,'2024-04-15 21:30:04.938260','88','Chimera',3,'',8,1),
(111,'2024-04-15 21:30:04.939457','87','Dragma',3,'',8,1),
(112,'2024-04-15 21:30:04.940769','86','Dragonvcano',3,'',8,1),
(113,'2024-04-15 21:30:04.942188','85','Dungeon',3,'',8,1),
(114,'2024-04-15 21:30:04.943492','84','Cavern',3,'',8,1),
(115,'2024-04-15 21:30:04.944801','83','Dragon',3,'',8,1),
(116,'2024-04-15 21:30:04.946053','82','Slimera',3,'',8,1),
(117,'2024-04-15 21:30:04.947182','81','Slime',3,'',8,1),
(118,'2024-04-15 21:30:04.948402','80','Hydra',3,'',8,1),
(119,'2024-04-15 21:30:04.949682','79','Blaze',3,'',8,1),
(120,'2024-04-15 21:30:04.952696','78','Magma',3,'',8,1),
(121,'2024-04-15 21:30:04.954023','77','Phoenix',3,'',8,1),
(122,'2024-04-15 21:30:04.955167','76','Lava',3,'',8,1),
(123,'2024-04-15 21:30:04.956409','75','Splosion',3,'',8,1),
(124,'2024-04-15 21:30:04.957527','74','Mud',3,'',8,1),
(125,'2024-04-15 21:30:04.958735','73','Dust',3,'',8,1),
(126,'2024-04-15 21:30:04.959999','72','Splash',3,'',8,1),
(127,'2024-04-15 21:30:04.961277','71','Flames',3,'',8,1),
(128,'2024-04-15 21:30:04.962784','70','Smoke',3,'',8,1),
(129,'2024-04-15 21:30:04.964189','69','Ash',3,'',8,1),
(130,'2024-04-15 21:30:04.965527','68','Steam',3,'',8,1),
(131,'2024-04-15 21:30:04.966931','67','Eruption',3,'',8,1),
(132,'2024-04-15 21:30:04.968069','66','Volcano',3,'',8,1),
(133,'2024-04-15 21:30:10.421025','1','Water',2,'[]',8,1),
(134,'2024-04-15 21:30:16.298971','3','Earth',2,'[{\"changed\": {\"fields\": [\"Imagen\"]}}]',8,1),
(135,'2024-04-15 21:30:22.760811','4','Air',2,'[{\"changed\": {\"fields\": [\"Imagen\"]}}]',8,1),
(136,'2024-04-15 21:41:37.764497','130','Mess',3,'',8,1),
(137,'2024-04-15 21:41:37.766171','129','Grime',3,'',8,1),
(138,'2024-04-15 21:41:37.767532','128','Muck',3,'',8,1),
(139,'2024-04-15 21:41:37.768876','127','Sludge',3,'',8,1),
(140,'2024-04-15 21:41:37.770325','126','Eruption',3,'',8,1),
(141,'2024-04-15 21:41:37.771737','125','Slop',3,'',8,1),
(142,'2024-04-15 21:41:37.774904','124','H2O',3,'',8,1),
(143,'2024-04-15 21:41:37.776408','123','Mud',3,'',8,1),
(144,'2024-04-15 21:41:37.777880','122','Magma',3,'',8,1),
(145,'2024-04-15 21:41:37.779369','121','Lava',3,'',8,1),
(146,'2024-04-15 21:41:37.780829','120','Volcano',3,'',8,1),
(147,'2024-04-15 21:41:37.782322','119','Flame',3,'',8,1),
(148,'2024-04-15 21:41:37.783778','118','Steam',3,'',8,1),
(149,'2024-04-15 21:48:31.453311','134','Eruption',2,'[{\"changed\": {\"fields\": [\"Upload\"]}}]',8,1),
(150,'2024-04-15 21:53:28.917692','133','Volcano',2,'[{\"changed\": {\"fields\": [\"Upload\"]}}]',8,1),
(151,'2024-04-15 21:53:41.050802','133','Volcano',2,'[{\"changed\": {\"fields\": [\"Upload\"]}}]',8,1),
(152,'2024-04-15 21:54:17.606268','133','Volcano',2,'[{\"changed\": {\"fields\": [\"Upload\"]}}]',8,1),
(153,'2024-04-15 21:54:34.128763','133','Volcano',2,'[{\"changed\": {\"fields\": [\"Upload\"]}}]',8,1),
(154,'2024-04-15 21:54:46.341825','133','Volcano',2,'[{\"changed\": {\"fields\": [\"Upload\"]}}]',8,1),
(155,'2024-04-15 21:54:58.279317','134','Eruption',2,'[{\"changed\": {\"fields\": [\"Upload\"]}}]',8,1),
(156,'2024-04-15 21:55:08.593354','134','Eruption',2,'[{\"changed\": {\"fields\": [\"Upload\"]}}]',8,1),
(157,'2024-04-15 21:55:17.878459','134','Eruption',2,'[{\"changed\": {\"fields\": [\"Upload\"]}}]',8,1),
(158,'2024-04-15 21:55:27.413994','134','Eruption',2,'[{\"changed\": {\"fields\": [\"Upload\"]}}]',8,1),
(159,'2024-04-15 21:59:02.576742','134','Eruption',2,'[{\"changed\": {\"fields\": [\"Upload\"]}}]',8,1),
(160,'2024-04-15 21:59:12.115638','134','Eruption',2,'[{\"changed\": {\"fields\": [\"Upload\"]}}]',8,1),
(161,'2024-04-15 21:59:21.292916','134','Eruption',2,'[{\"changed\": {\"fields\": [\"Upload\"]}}]',8,1),
(162,'2024-04-15 21:59:30.723774','134','Eruption',2,'[{\"changed\": {\"fields\": [\"Upload\"]}}]',8,1),
(163,'2024-04-15 21:59:39.688600','134','Eruption',2,'[{\"changed\": {\"fields\": [\"Upload\"]}}]',8,1),
(164,'2024-04-15 21:59:49.997808','132','Mist',2,'[{\"changed\": {\"fields\": [\"Upload\"]}}]',8,1),
(165,'2024-04-15 22:00:04.584773','132','Mist',2,'[{\"changed\": {\"fields\": [\"Upload\"]}}]',8,1),
(166,'2024-04-15 22:00:16.809682','134','Eruption',2,'[{\"changed\": {\"fields\": [\"Upload\"]}}]',8,1),
(167,'2024-04-15 22:00:27.654831','134','Eruption',3,'',8,1),
(168,'2024-04-15 22:00:27.656405','133','Volcano',3,'',8,1),
(169,'2024-04-15 22:00:27.659543','132','Mist',3,'',8,1),
(170,'2024-04-15 22:00:27.660920','131','Steam',3,'',8,1),
(171,'2024-04-15 22:02:02.984275','137','Vapor',3,'',8,1),
(172,'2024-04-15 22:02:02.988906','136','Mist',3,'',8,1),
(173,'2024-04-15 22:02:02.991741','135','Steam',3,'',8,1),
(174,'2024-04-15 22:02:45.922915','139','Steam',2,'[]',8,1),
(175,'2024-04-15 22:02:54.014927','139','Steam',2,'[{\"changed\": {\"fields\": [\"Imagen\"]}}]',8,1),
(176,'2024-04-15 22:03:37.841563','140','Mud',2,'[{\"changed\": {\"fields\": [\"Imagen\"]}}]',8,1),
(177,'2024-04-16 21:03:05.526101','149','Eruption',3,'',8,1),
(178,'2024-04-16 21:03:05.528017','148','Fog',3,'',8,1),
(179,'2024-04-16 21:03:05.529184','147','Smoke',3,'',8,1),
(180,'2024-04-16 21:03:05.530584','146','Grime',3,'',8,1),
(181,'2024-04-16 21:03:05.532262','145','Dust',3,'',8,1),
(182,'2024-04-16 21:03:05.533568','144','Dirt',3,'',8,1),
(183,'2024-04-16 21:03:05.534739','143','Volcano',3,'',8,1),
(184,'2024-04-16 21:03:05.536209','142','Cloud',3,'',8,1),
(185,'2024-04-16 21:03:05.537430','141','Sizzle',3,'',8,1),
(186,'2024-04-16 21:03:05.540414','140','Mud',3,'',8,1),
(187,'2024-04-16 21:03:05.541665','139','Steam',3,'',8,1),
(188,'2024-04-16 21:03:05.542953','138','Flame',3,'',8,1),
(189,'2024-04-16 21:07:01.227472','155','Sandstorm',3,'',8,1),
(190,'2024-04-16 21:07:01.229126','154','Storm',3,'',8,1),
(191,'2024-04-16 21:07:01.230556','153','Cloud',3,'',8,1),
(192,'2024-04-16 21:07:01.231849','152','Silt',3,'',8,1),
(193,'2024-04-16 21:07:01.233314','151','Dust',3,'',8,1),
(194,'2024-04-16 21:07:01.234699','150','Mud',3,'',8,1),
(195,'2024-04-16 21:13:29.260747','159','Mud',3,'',8,1),
(196,'2024-04-16 21:13:29.263259','158','Geothermal',3,'',8,1),
(197,'2024-04-16 21:13:29.264716','157','Steam',3,'',8,1),
(198,'2024-04-16 21:13:29.269333','156','Flames',3,'',8,1),
(199,'2024-04-16 21:36:11.884177','177','Pollution',3,'',8,1),
(200,'2024-04-16 21:36:11.885605','176','Smog',3,'',8,1),
(201,'2024-04-16 21:36:11.886740','175','\"Stoup\"',3,'',8,1),
(202,'2024-04-16 21:36:11.887923','174','Stew',3,'',8,1),
(203,'2024-04-16 21:36:11.889185','173','Soup',3,'',8,1),
(204,'2024-04-16 21:36:11.890278','172','Mud',3,'',8,1),
(205,'2024-04-16 21:36:11.891312','171','Storm',3,'',8,1),
(206,'2024-04-16 21:36:11.892502','170','Cloud',3,'',8,1),
(207,'2024-04-16 21:36:11.893702','169','Fog',3,'',8,1),
(208,'2024-04-16 21:36:11.894934','168','Mist',3,'',8,1),
(209,'2024-04-16 21:36:11.896017','167','River',3,'',8,1),
(210,'2024-04-16 21:36:11.897564','166','Mountain',3,'',8,1),
(211,'2024-04-16 21:36:11.898772','165','Magma',3,'',8,1),
(212,'2024-04-16 21:36:11.901516','164','Ash',3,'',8,1),
(213,'2024-04-16 21:36:11.902638','163','Eruption',3,'',8,1),
(214,'2024-04-16 21:36:11.903795','162','Lava',3,'',8,1),
(215,'2024-04-16 21:36:11.905387','161','Volcano',3,'',8,1),
(216,'2024-04-16 21:36:11.906625','160','Steam',3,'',8,1),
(217,'2024-04-16 21:44:25.337143','178','Steam',3,'',8,1),
(218,'2024-04-16 22:15:56.563332','207','Dirt',3,'',8,1),
(219,'2024-04-16 22:15:56.564996','206','Grime',3,'',8,1),
(220,'2024-04-16 22:15:56.567740','205','Muck',3,'',8,1),
(221,'2024-04-16 22:15:56.569014','204','Slimy',3,'',8,1),
(222,'2024-04-16 22:15:56.573036','203','Sludge',3,'',8,1),
(223,'2024-04-16 22:15:56.576006','202','Scale',3,'',8,1),
(224,'2024-04-16 22:15:56.577143','201','Ascent',3,'',8,1),
(225,'2024-04-16 22:15:56.578274','200','Climb',3,'',8,1),
(226,'2024-04-16 22:15:56.579703','199','Range',3,'',8,1),
(227,'2024-04-16 22:15:56.580855','198','Hill',3,'',8,1),
(228,'2024-04-16 22:15:56.582208','197','Mountain',3,'',8,1),
(229,'2024-04-16 22:15:56.583505','196','Squish',3,'',8,1),
(230,'2024-04-16 22:15:56.584902','195','Slush',3,'',8,1),
(231,'2024-04-16 22:15:56.586098','194','Slop',3,'',8,1),
(232,'2024-04-16 22:15:56.589092','193','Stew',3,'',8,1),
(233,'2024-04-16 22:15:56.590347','192','Broth',3,'',8,1),
(234,'2024-04-16 22:15:56.591495','191','Soup',3,'',8,1),
(235,'2024-04-16 22:15:56.592755','190','Mud',3,'',8,1),
(236,'2024-04-16 22:15:56.594033','189','Vapor',3,'',8,1),
(237,'2024-04-16 22:15:56.595217','188','H2O',3,'',8,1),
(238,'2024-04-16 22:15:56.596615','187','Mist',3,'',8,1),
(239,'2024-04-16 22:15:56.597689','186','Inferno',3,'',8,1),
(240,'2024-04-16 22:15:56.599105','185','Flames',3,'',8,1),
(241,'2024-04-16 22:15:56.600382','184','Eruption',3,'',8,1),
(242,'2024-04-16 22:15:56.601784','183','Volcano',3,'',8,1),
(243,'2024-04-16 22:15:56.603111','182','Blaze',3,'',8,1),
(244,'2024-04-16 22:15:56.604445','181','Geysers',3,'',8,1),
(245,'2024-04-16 22:15:56.607078','180','Flame',3,'',8,1),
(246,'2024-04-16 22:15:56.608208','179','Steam',3,'',8,1),
(247,'2024-04-17 19:44:54.591375','221','Blaze',3,'',8,1),
(248,'2024-04-17 19:44:54.594711','220','Flumplenook',3,'',8,1),
(249,'2024-04-17 19:44:54.596006','219','Frooflirpa',3,'',8,1),
(250,'2024-04-17 19:44:54.597194','218','Bubble',3,'',8,1),
(251,'2024-04-17 19:44:54.598581','217','Slime',3,'',8,1),
(252,'2024-04-17 19:44:54.599924','216','Muck',3,'',8,1),
(253,'2024-04-17 19:44:54.601179','215','Sludge',3,'',8,1),
(254,'2024-04-17 19:44:54.603172','214','Slooflirpa',3,'',8,1),
(255,'2024-04-17 19:44:54.604499','213','Squishy',3,'',8,1),
(256,'2024-04-17 19:44:54.605772','212','Mud',3,'',8,1),
(257,'2024-04-17 19:44:54.607133','211','Splash',3,'',8,1),
(258,'2024-04-17 19:44:54.608604','210','Geothermal',3,'',8,1),
(259,'2024-04-17 19:44:54.609977','209','Steam',3,'',8,1),
(260,'2024-04-17 19:44:54.614777','208','Flame',3,'',8,1),
(261,'2024-04-17 20:13:14.440651','279','Tremors',3,'',8,1),
(262,'2024-04-17 20:13:14.442392','278','Rumbling',3,'',8,1),
(263,'2024-04-17 20:13:14.443776','277','Deluge',3,'',8,1),
(264,'2024-04-17 20:13:14.445170','276','Downpour',3,'',8,1),
(265,'2024-04-17 20:13:14.448494','275','Splashdemic',3,'',8,1),
(266,'2024-04-17 20:13:14.449725','274','Splashchestra',3,'',8,1),
(267,'2024-04-17 20:13:14.451150','273','Foamy',3,'',8,1),
(268,'2024-04-17 20:13:14.452402','272','Fog',3,'',8,1),
(269,'2024-04-17 20:13:14.455078','271','ToxicJazz',3,'',8,1),
(270,'2024-04-17 20:13:14.456581','270','Riskchestra',3,'',8,1),
(271,'2024-04-17 20:13:14.457829','269','Quake',3,'',8,1),
(272,'2024-04-17 20:13:14.458998','268','Turmoil',3,'',8,1),
(273,'2024-04-17 20:13:14.463394','267','Chaos',3,'',8,1),
(274,'2024-04-17 20:13:14.468710','266','Cacophony',3,'',8,1),
(275,'2024-04-17 20:13:14.470511','265','Symphony',3,'',8,1),
(276,'2024-04-17 20:13:14.472403','264','Soundscape',3,'',8,1),
(277,'2024-04-17 20:13:14.474503','263','Blast',3,'',8,1),
(278,'2024-04-17 20:13:14.475835','262','Turbine',3,'',8,1),
(279,'2024-04-17 20:13:14.477203','261','Risk',3,'',8,1),
(280,'2024-04-17 20:13:14.478614','260','Storm',3,'',8,1),
(281,'2024-04-17 20:13:14.479909','259','Landslide',3,'',8,1),
(282,'2024-04-17 20:13:14.482029','258','Danger',3,'',8,1),
(283,'2024-04-17 20:13:14.483321','257','Toxicite',3,'',8,1),
(284,'2024-04-17 20:13:14.484555','256','Smogwasp',3,'',8,1),
(285,'2024-04-17 20:13:14.486070','255','Poisonous',3,'',8,1),
(286,'2024-04-17 20:13:14.491028','254','Flutterbeast',3,'',8,1),
(287,'2024-04-17 20:13:14.492361','253','Lavavenom',3,'',8,1),
(288,'2024-04-17 20:13:14.493729','252','Inferno',3,'',8,1),
(289,'2024-04-17 20:13:14.495596','251','Venom',3,'',8,1),
(290,'2024-04-17 20:13:14.496796','250','Poison',3,'',8,1),
(291,'2024-04-17 20:13:14.498000','249','Splash',3,'',8,1),
(292,'2024-04-17 20:13:14.499356','248','Hazard',3,'',8,1),
(293,'2024-04-17 20:13:14.501834','247','Blaze',3,'',8,1),
(294,'2024-04-17 20:13:14.503236','246','Toxic',3,'',8,1),
(295,'2024-04-17 20:13:14.504613','245','Pollution',3,'',8,1),
(296,'2024-04-17 20:13:14.506001','244','Smog',3,'',8,1),
(297,'2024-04-17 20:13:14.507415','243','Slag',3,'',8,1),
(298,'2024-04-17 20:13:14.508601','242','Sludge',3,'',8,1),
(299,'2024-04-17 20:13:14.511808','241','Ash',3,'',8,1),
(300,'2024-04-17 20:13:14.513005','240','Eruption',3,'',8,1),
(301,'2024-04-17 20:13:14.514310','239','Flames',3,'',8,1),
(302,'2024-04-17 20:13:14.515571','238','Geysers',3,'',8,1),
(303,'2024-04-17 20:13:14.516813','237','Slime',3,'',8,1),
(304,'2024-04-17 20:13:14.518110','236','Slimer',3,'',8,1),
(305,'2024-04-17 20:13:14.520392','235','Goo',3,'',8,1),
(306,'2024-04-17 20:13:14.521623','234','Slimy',3,'',8,1),
(307,'2024-04-17 20:13:14.522887','233','Muck',3,'',8,1),
(308,'2024-04-17 20:13:14.524087','232','Dust',3,'',8,1),
(309,'2024-04-17 20:13:14.525463','231','Grime',3,'',8,1),
(310,'2024-04-17 20:13:14.526833','230','Flame',3,'',8,1),
(311,'2024-04-17 20:13:14.528091','229','Froth',3,'',8,1),
(312,'2024-04-17 20:13:14.535188','228','Foam',3,'',8,1),
(313,'2024-04-17 20:13:14.536680','227','Mist',3,'',8,1),
(314,'2024-04-17 20:13:14.537920','226','Steam',3,'',8,1),
(315,'2024-04-17 20:13:14.539198','225','Dirt',3,'',8,1),
(316,'2024-04-17 20:13:14.540430','224','Mud',3,'',8,1),
(317,'2024-04-17 20:13:14.541666','223','Lava',3,'',8,1),
(318,'2024-04-17 20:13:14.542799','222','Volcano',3,'',8,1),
(319,'2024-04-17 20:20:09.733401','4','Air',2,'[{\"changed\": {\"fields\": [\"Upload\"]}}]',8,1),
(320,'2024-04-17 20:26:18.035232','4','Air',2,'[{\"changed\": {\"fields\": [\"Upload\"]}}]',8,1),
(321,'2024-04-17 20:26:31.793823','4','Air',2,'[{\"changed\": {\"fields\": [\"Upload\"]}}]',8,1),
(322,'2024-04-17 20:26:43.499015','4','Air',2,'[{\"changed\": {\"fields\": [\"Upload\"]}}]',8,1),
(323,'2024-04-17 20:37:57.129941','4','Air',2,'[{\"changed\": {\"fields\": [\"Upload\"]}}]',8,1),
(324,'2024-04-17 20:38:04.650233','4','Air',2,'[{\"changed\": {\"fields\": [\"Upload\"]}}]',8,1),
(325,'2024-04-17 20:38:11.223843','4','Air',2,'[{\"changed\": {\"fields\": [\"Upload\"]}}]',8,1),
(326,'2024-04-17 20:38:17.756897','4','Air',2,'[{\"changed\": {\"fields\": [\"Upload\"]}}]',8,1),
(327,'2024-04-17 20:38:26.154997','4','Air',2,'[{\"changed\": {\"fields\": [\"Upload\"]}}]',8,1),
(328,'2024-04-17 20:38:33.352931','4','Air',2,'[{\"changed\": {\"fields\": [\"Upload\"]}}]',8,1),
(329,'2024-04-17 20:38:39.771922','4','Air',2,'[{\"changed\": {\"fields\": [\"Upload\"]}}]',8,1),
(330,'2024-04-17 20:38:47.981183','4','Air',2,'[{\"changed\": {\"fields\": [\"Upload\"]}}]',8,1),
(331,'2024-04-17 20:38:54.418257','4','Air',2,'[{\"changed\": {\"fields\": [\"Upload\"]}}]',8,1),
(332,'2024-04-17 20:39:02.099744','4','Air',2,'[{\"changed\": {\"fields\": [\"Upload\"]}}]',8,1),
(333,'2024-04-17 20:39:09.573088','4','Air',2,'[{\"changed\": {\"fields\": [\"Upload\"]}}]',8,1),
(334,'2024-04-17 20:39:16.024135','4','Air',2,'[{\"changed\": {\"fields\": [\"Upload\"]}}]',8,1),
(335,'2024-04-17 20:39:23.190864','4','Air',2,'[{\"changed\": {\"fields\": [\"Upload\"]}}]',8,1),
(336,'2024-04-17 20:39:30.472157','4','Air',2,'[{\"changed\": {\"fields\": [\"Upload\"]}}]',8,1),
(337,'2024-04-17 20:39:41.830140','4','Air',2,'[{\"changed\": {\"fields\": [\"Upload\"]}}]',8,1),
(338,'2024-04-18 18:17:16.455255','345','TEST',3,'',8,1),
(339,'2024-04-18 19:24:12.064760','2','Nuria',1,'[{\"added\": {}}]',4,1),
(340,'2024-04-18 19:29:10.086723','2','Nuria',3,'',4,1),
(341,'2024-04-18 19:30:28.721829','348','Swarm',3,'',8,1),
(342,'2024-04-18 19:30:28.723282','347','Drone',3,'',8,1),
(343,'2024-04-18 19:30:28.724701','346','TEST',3,'',8,1),
(344,'2024-04-18 19:30:28.725934','344','\"Copter\"',3,'',8,1),
(345,'2024-04-18 19:30:28.727263','343','Helicopter',3,'',8,1),
(346,'2024-04-18 19:30:28.728611','342','Windmill',3,'',8,1),
(347,'2024-04-18 19:30:28.731373','341','Turbine',3,'',8,1),
(348,'2024-04-18 19:30:28.732427','340','Wind',3,'',8,1),
(349,'2024-04-18 19:30:28.733708','339','Breeze',3,'',8,1),
(350,'2024-04-18 19:30:28.734763','338','Hurricane',3,'',8,1),
(351,'2024-04-18 19:30:28.735941','337','Cavern',3,'',8,1),
(352,'2024-04-18 19:30:28.737185','336','Cave',3,'',8,1),
(353,'2024-04-18 19:30:28.738484','335','Splash',3,'',8,1),
(354,'2024-04-18 19:30:28.739668','334','Turbo',3,'',8,1),
(355,'2024-04-18 19:30:28.740743','333','Boost',3,'',8,1),
(356,'2024-04-18 19:30:28.742187','332','Concentrate',3,'',8,1),
(357,'2024-04-18 19:30:28.743415','331','Solution',3,'',8,1),
(358,'2024-04-18 19:30:28.744745','330','Dilution',3,'',8,1),
(359,'2024-04-18 19:30:28.747345','329','Saturation',3,'',8,1),
(360,'2024-04-18 19:30:28.748416','328','Saturator',3,'',8,1),
(361,'2024-04-18 19:30:28.749651','327','Deluge',3,'',8,1),
(362,'2024-04-18 19:30:28.750864','326','Filthy',3,'',8,1),
(363,'2024-04-18 19:30:28.752007','325','Dirty',3,'',8,1),
(364,'2024-04-18 19:30:28.753380','324','Vapor',3,'',8,1),
(365,'2024-04-18 19:30:28.754462','323','Underground',3,'',8,1),
(366,'2024-04-18 19:30:28.755605','322','Subterranean',3,'',8,1),
(367,'2024-04-18 19:30:28.756977','321','Underland',3,'',8,1),
(368,'2024-04-18 19:30:28.758097','320','Slime',3,'',8,1),
(369,'2024-04-18 19:30:28.759209','319','Lavalantis',3,'',8,1),
(370,'2024-04-18 19:30:28.760370','318','Splashion',3,'',8,1),
(371,'2024-04-18 19:30:28.761706','317','Splosion',3,'',8,1),
(372,'2024-04-18 19:30:28.764381','316','Splashy',3,'',8,1),
(373,'2024-04-18 19:30:28.765564','315','Ground',3,'',8,1),
(374,'2024-04-18 19:30:28.766947','314','Twister',3,'',8,1),
(375,'2024-04-18 19:30:28.768157','313','Eruption',3,'',8,1),
(376,'2024-04-18 19:30:28.769305','312','Slorp',3,'',8,1),
(377,'2024-04-18 19:30:28.773018','311','Slormuck',3,'',8,1),
(378,'2024-04-18 19:30:28.774106','310','Slorpze',3,'',8,1),
(379,'2024-04-18 19:30:28.775289','309','Slurpy',3,'',8,1),
(380,'2024-04-18 19:30:28.776402','308','Slurp',3,'',8,1),
(381,'2024-04-18 19:30:28.779276','307','Blaze',3,'',8,1),
(382,'2024-04-18 19:30:28.780408','306','Dingy',3,'',8,1),
(383,'2024-04-18 19:30:28.781475','305','Messy',3,'',8,1),
(384,'2024-04-18 19:30:28.782749','304','Muck',3,'',8,1),
(385,'2024-04-18 19:30:28.783982','303','Inferno',3,'',8,1),
(386,'2024-04-18 19:30:28.785394','302','Tsunami',3,'',8,1),
(387,'2024-04-18 19:30:28.786490','301','Flood',3,'',8,1),
(388,'2024-04-18 19:30:28.789496','300','H2O',3,'',8,1),
(389,'2024-04-18 19:30:28.790880','299','Rain',3,'',8,1),
(390,'2024-04-18 19:30:28.791995','298','Storm',3,'',8,1),
(391,'2024-04-18 19:30:28.793117','297','Cloud',3,'',8,1),
(392,'2024-04-18 19:30:28.794497','296','Flames',3,'',8,1),
(393,'2024-04-18 19:30:28.795574','295','Dirt',3,'',8,1),
(394,'2024-04-18 19:30:28.798141','294','Grimy',3,'',8,1),
(395,'2024-04-18 19:30:28.799571','293','Smog',3,'',8,1),
(396,'2024-04-18 19:30:28.800706','292','Sludge',3,'',8,1),
(397,'2024-04-18 19:30:28.801882','291','Sizzle',3,'',8,1),
(398,'2024-04-18 19:30:28.802920','290','Mudpool',3,'',8,1),
(399,'2024-04-18 19:30:28.804015','289','Squelch',3,'',8,1),
(400,'2024-04-18 19:30:28.805375','288','Broth',3,'',8,1),
(401,'2024-04-18 19:30:28.806474','287','Soup',3,'',8,1),
(402,'2024-04-18 19:30:28.807501','286','Mud',3,'',8,1),
(403,'2024-04-18 19:30:28.808790','285','Fog',3,'',8,1),
(404,'2024-04-18 19:30:28.809876','284','Mist',3,'',8,1),
(405,'2024-04-18 19:30:28.811029','283','Geiser',3,'',8,1),
(406,'2024-04-18 19:30:28.812119','282','Volcano',3,'',8,1),
(407,'2024-04-18 19:30:28.814797','281','Flame',3,'',8,1),
(408,'2024-04-18 19:30:28.815878','280','Steam',3,'',8,1),
(409,'2024-04-18 19:33:00.202485','3','gustavo',1,'[{\"added\": {}}]',4,1),
(410,'2024-04-18 21:27:00.788624','1','Administradores',1,'[{\"added\": {}}]',3,1),
(411,'2024-04-18 21:27:47.315436','1','Admin',2,'[{\"changed\": {\"fields\": [\"Groups\"]}}]',4,1),
(412,'2024-04-18 21:28:38.284383','392','Cataclysm',2,'[{\"changed\": {\"fields\": [\"Upload\"]}}]',8,1),
(413,'2024-04-18 21:28:45.260390','392','Cataclysm',2,'[{\"changed\": {\"fields\": [\"Upload\"]}}]',8,1),
(414,'2024-04-18 21:28:51.740864','392','Cataclysm',2,'[{\"changed\": {\"fields\": [\"Upload\"]}}]',8,1),
(415,'2024-04-18 21:28:56.818014','392','Cataclysm',2,'[{\"changed\": {\"fields\": [\"Upload\"]}}]',8,1),
(416,'2024-04-18 21:29:03.274801','392','Cataclysm',2,'[{\"changed\": {\"fields\": [\"Upload\"]}}]',8,1),
(417,'2024-04-18 21:50:41.041072','392','Cataclysm',3,'',8,1),
(418,'2024-04-18 21:50:41.042727','391','Tranquility',3,'',8,1),
(419,'2024-04-18 21:50:41.044015','390','Serenity',3,'',8,1),
(420,'2024-04-18 21:50:41.045317','389','Cacophony',3,'',8,1),
(421,'2024-04-18 21:50:41.048512','388','Symphony',3,'',8,1),
(422,'2024-04-18 21:50:41.049921','387','Harmony',3,'',8,1),
(423,'2024-04-18 21:50:41.051202','386','Synergy',3,'',8,1),
(424,'2024-04-18 21:50:41.052539','385','Energy',3,'',8,1),
(425,'2024-04-18 21:50:41.053855','384','Geothermal',3,'',8,1),
(426,'2024-04-18 21:50:41.055147','383','Turbulence',3,'',8,1),
(427,'2024-04-18 21:50:41.056404','382','Boom',3,'',8,1),
(428,'2024-04-18 21:50:41.057805','381','Kaboom!',3,'',8,1),
(429,'2024-04-18 21:50:41.059021','380','Tsunaomi',3,'',8,1),
(430,'2024-04-18 21:50:41.060325','379','BoomBoom',3,'',8,1),
(431,'2024-04-18 21:50:41.061615','378','Kaboom',3,'',8,1),
(432,'2024-04-18 21:50:41.062898','377','Splosion',3,'',8,1),
(433,'2024-04-18 21:50:41.065960','376','Splash',3,'',8,1),
(434,'2024-04-18 21:50:41.067381','375','Volcano',3,'',8,1),
(435,'2024-04-18 21:50:41.068748','374','Pandemonium',3,'',8,1),
(436,'2024-04-18 21:50:41.070034','373','Chaos',3,'',8,1),
(437,'2024-04-18 21:50:41.071435','372','Destruction',3,'',8,1),
(438,'2024-04-18 21:50:41.072639','371','Devastation',3,'',8,1),
(439,'2024-04-18 21:50:41.073939','370','Sleekest',3,'',8,1),
(440,'2024-04-18 21:50:41.075276','369','Sleeker',3,'',8,1),
(441,'2024-04-18 21:50:41.077741','368','Sleek',3,'',8,1),
(442,'2024-04-18 21:50:41.078969','367','Slick',3,'',8,1),
(443,'2024-04-18 21:50:41.080238','366','Tsunami',3,'',8,1),
(444,'2024-04-18 21:50:41.081567','365','Armageddon',3,'',8,1),
(445,'2024-04-18 21:50:41.082663','364','Apocalypse',3,'',8,1),
(446,'2024-04-18 21:50:41.085516','363','Disaster',3,'',8,1),
(447,'2024-04-18 21:50:41.086767','362','Twister',3,'',8,1),
(448,'2024-04-18 21:50:41.088107','361','Tornado',3,'',8,1),
(449,'2024-04-18 21:50:41.089297','360','Eruption',3,'',8,1),
(450,'2024-04-18 21:50:41.090653','359','Mud',3,'',8,1),
(451,'2024-04-18 21:50:41.092191','358','Maelstrom',3,'',8,1),
(452,'2024-04-18 21:50:41.093652','357','Deluge',3,'',8,1),
(453,'2024-04-18 21:50:41.098314','356','Flood',3,'',8,1),
(454,'2024-04-18 21:50:41.099612','355','Storm',3,'',8,1),
(455,'2024-04-18 21:50:41.102640','354','Geysers',3,'',8,1),
(456,'2024-04-18 21:50:41.103900','353','Steam',3,'',8,1),
(457,'2024-04-18 21:50:41.105123','352','Aquaform',3,'',8,1),
(458,'2024-04-18 21:50:41.106611','351','Terraform',3,'',8,1),
(459,'2024-04-18 21:50:41.108561','350','Flames',3,'',8,1),
(460,'2024-04-18 21:50:41.111848','349','H2O',3,'',8,1),
(461,'2024-04-22 20:47:15.809166','3','gustavo',2,'[{\"changed\": {\"fields\": [\"password\"]}}]',4,1),
(462,'2024-04-23 21:28:39.678298','424','Volcano',2,'[{\"changed\": {\"fields\": [\"Upload\"]}}]',8,1),
(463,'2024-04-24 17:33:30.173740','394','Steam',2,'[{\"changed\": {\"fields\": [\"Creadores\"]}}]',8,1),
(464,'2024-04-24 17:34:41.294206','395','Turbine',2,'[{\"changed\": {\"fields\": [\"Creadores\"]}}]',8,1),
(465,'2024-04-24 17:34:52.723724','394','Steam',2,'[{\"changed\": {\"fields\": [\"Creadores\"]}}]',8,1),
(466,'2024-04-24 17:48:54.636414','425','Mist',3,'',8,1),
(467,'2024-04-24 17:48:54.638382','424','Volcano',3,'',8,1),
(468,'2024-04-24 17:48:54.641301','423','Inferno',3,'',8,1),
(469,'2024-04-24 17:48:54.642542','422','Aqua',3,'',8,1),
(470,'2024-04-24 17:48:54.643833','421','Disaster',3,'',8,1),
(471,'2024-04-24 17:48:54.645024','420','Catamaran',3,'',8,1),
(472,'2024-04-24 17:48:54.646483','419','Clone',3,'',8,1),
(473,'2024-04-24 17:48:54.647860','418','Sailboard',3,'',8,1),
(474,'2024-04-24 17:48:54.649142','417','Tsunami',3,'',8,1),
(475,'2024-04-24 17:48:54.650417','416','Navy',3,'',8,1),
(476,'2024-04-24 17:48:54.651574','415','Waves',3,'',8,1),
(477,'2024-04-24 17:48:54.652803','414','Surf',3,'',8,1),
(478,'2024-04-24 17:48:54.654077','413','Wave',3,'',8,1),
(479,'2024-04-24 17:48:54.655425','412','Clockwork',3,'',8,1),
(480,'2024-04-24 17:48:54.656579','411','Steampunk',3,'',8,1),
(481,'2024-04-24 17:48:54.659718','410','Blazepunk',3,'',8,1),
(482,'2024-04-24 17:48:54.660951','409','Slamtar',3,'',8,1),
(483,'2024-04-24 17:48:54.662170','408','Flametron',3,'',8,1),
(484,'2024-04-24 17:48:54.663322','407','Squadron',3,'',8,1),
(485,'2024-04-24 17:48:54.664548','406','Airforce',3,'',8,1),
(486,'2024-04-24 17:48:54.665886','405','Fleet',3,'',8,1),
(487,'2024-04-24 17:48:54.667117','404','Armada',3,'',8,1),
(488,'2024-04-24 17:48:54.668540','403','Landship',3,'',8,1),
(489,'2024-04-24 17:48:54.669709','402','Helicopter',3,'',8,1),
(490,'2024-04-24 17:48:54.670955','401','Quagmire',3,'',8,1),
(491,'2024-04-24 17:48:54.672439','400','Swamp',3,'',8,1),
(492,'2024-04-24 17:48:54.673800','399','Mud',3,'',8,1),
(493,'2024-04-24 17:48:54.676651','398','Blaze',3,'',8,1),
(494,'2024-04-24 17:48:54.677868','397','Splash',3,'',8,1),
(495,'2024-04-24 17:48:54.679010','396','duplicate',3,'',8,1),
(496,'2024-04-24 17:48:54.680183','395','Turbine',3,'',8,1),
(497,'2024-04-24 17:48:54.681461','394','Steam',3,'',8,1),
(498,'2024-04-24 17:48:54.682892','393','H2O',3,'',8,1),
(499,'2024-04-24 17:55:13.906715','427','Cloud',2,'[{\"changed\": {\"fields\": [\"Creadores\"]}}]',8,1),
(500,'2024-04-24 17:55:18.894399','426','Steam',2,'[{\"changed\": {\"fields\": [\"Creadores\"]}}]',8,1),
(501,'2024-04-24 18:21:24.332843','430','Mist',2,'[{\"changed\": {\"fields\": [\"Creadores\"]}}]',8,1),
(502,'2024-04-24 18:24:10.796884','426','Steam',2,'[{\"changed\": {\"fields\": [\"Creadores\"]}}]',8,1),
(503,'2024-04-24 18:46:44.757064','433','Drizzle',3,'',8,1),
(504,'2024-04-24 18:46:44.758832','432','Volcano',3,'',8,1),
(505,'2024-04-24 18:46:44.760266','431','Fog',3,'',8,1),
(506,'2024-04-24 18:46:44.763612','430','Mist',3,'',8,1),
(507,'2024-04-24 18:46:44.765147','429','Blaze',3,'',8,1),
(508,'2024-04-24 18:46:44.766463','428','Flame',3,'',8,1),
(509,'2024-04-24 18:46:44.767700','427','Cloud',3,'',8,1),
(510,'2024-04-24 18:46:44.768971','426','Steam',3,'',8,1),
(511,'2024-04-24 19:18:42.804826','442','Terraform',2,'[{\"changed\": {\"fields\": [\"Creadores\"]}}]',8,1),
(512,'2024-04-24 19:25:58.208603','4','Hskull55',2,'[{\"changed\": {\"fields\": [\"Staff status\", \"Superuser status\", \"Groups\"]}}]',4,1),
(513,'2024-04-24 19:49:28.439687','456','Steam',2,'[{\"changed\": {\"fields\": [\"Creadores\"]}}]',8,4),
(514,'2024-04-24 20:07:34.108022','456','Steam',2,'[{\"changed\": {\"fields\": [\"Creadores\"]}}]',8,4),
(515,'2024-04-24 20:25:04.467606','498','Flame',2,'[{\"changed\": {\"fields\": [\"Creadores\"]}}]',8,4),
(516,'2024-04-24 20:34:06.999556','725','ID: 725, Elemento1: Fire, Elemento2: Air, Resultado: Flame',3,'',7,4),
(517,'2024-04-24 20:37:07.226541','498','Flame',2,'[{\"changed\": {\"fields\": [\"Creadores\"]}}]',8,4),
(518,'2024-04-28 21:33:01.202221','456','Steam',2,'[{\"changed\": {\"fields\": [\"DescubiertoPor\"]}}]',8,1),
(519,'2024-04-28 21:47:42.040039','501','Mist',3,'',8,1),
(520,'2024-04-28 21:48:50.920789','735','ID: 735, Elemento1: Water, Elemento2: Air, Resultado: Steam',3,'',7,1),
(521,'2024-04-28 22:00:12.574867','503','Froth',3,'',8,1),
(522,'2024-04-28 22:00:12.576564','502','Foam',3,'',8,1),
(523,'2024-04-28 22:00:12.577841','500','Cloud',3,'',8,1),
(524,'2024-04-28 22:00:12.578944','499','Vapor',3,'',8,1),
(525,'2024-04-28 22:00:12.580079','498','Flame',3,'',8,1),
(526,'2024-04-28 22:00:12.581263','497','Reformation',3,'',8,1),
(527,'2024-04-28 22:00:12.582413','496','Renaissance',3,'',8,1),
(528,'2024-04-28 22:00:12.583510','495','Sandstorm',3,'',8,1),
(529,'2024-04-28 22:00:12.584617','494','Volcano',3,'',8,1),
(530,'2024-04-28 22:00:12.585679','493','LostCity',3,'',8,1),
(531,'2024-04-28 22:00:12.586870','492','Atlantis',3,'',8,1),
(532,'2024-04-28 22:00:12.588111','491','Typhoon',3,'',8,1),
(533,'2024-04-28 22:00:12.589279','490','Rebirth',3,'',8,1),
(534,'2024-04-28 22:00:12.591694','489','Snowstorm',3,'',8,1),
(535,'2024-04-28 22:00:12.592750','488','Splinters',3,'',8,1),
(536,'2024-04-28 22:00:12.594048','487','Blizzard',3,'',8,1),
(537,'2024-04-28 22:00:12.595409','486','Shards',3,'',8,1),
(538,'2024-04-28 22:00:12.596559','485','Ruins',3,'',8,1),
(539,'2024-04-28 22:00:12.597712','484','Throne',3,'',8,1),
(540,'2024-04-28 22:00:12.598775','483','Shatter',3,'',8,1),
(541,'2024-04-28 22:00:12.600053','482','Stronghold',3,'',8,1),
(542,'2024-04-28 22:00:12.601426','481','ReNEWal',3,'',8,1),
(543,'2024-04-28 22:00:12.602581','480','Renew',3,'',8,1),
(544,'2024-04-28 22:00:12.603927','479','Refresh',3,'',8,1),
(545,'2024-04-28 22:00:12.605320','478','Doomier',3,'',8,1),
(546,'2024-04-28 22:00:12.606578','477','Doom',3,'',8,1),
(547,'2024-04-28 22:00:12.609167','476','Furnace',3,'',8,1),
(548,'2024-04-28 22:00:12.610382','475','Grimy',3,'',8,1),
(549,'2024-04-28 22:00:12.611749','474','Slimy',3,'',8,1),
(550,'2024-04-28 22:00:12.613119','473','Filthy',3,'',8,1),
(551,'2024-04-28 22:00:12.614161','472','Dirty',3,'',8,1),
(552,'2024-04-28 22:00:12.615515','471','Smog',3,'',8,1),
(553,'2024-04-28 22:00:12.616847','470','Pollution',3,'',8,1),
(554,'2024-04-28 22:00:12.618016','469','Swamp',3,'',8,1),
(555,'2024-04-28 22:00:12.619361','468','Chaos',3,'',8,1),
(556,'2024-04-28 22:00:12.620449','467','Wasteland',3,'',8,1),
(557,'2024-04-28 22:00:12.621486','466','Destruction',3,'',8,1),
(558,'2024-04-28 22:00:12.622592','465','Illusion',3,'',8,1),
(559,'2024-04-28 22:00:12.623729','464','Mirage',3,'',8,1),
(560,'2024-04-28 22:00:12.626238','463','Oasis',3,'',8,1),
(561,'2024-04-28 22:00:12.627327','462','Dunes',3,'',8,1),
(562,'2024-04-28 22:00:12.628490','461','Stormcastle',3,'',8,1),
(563,'2024-04-28 22:00:12.629635','460','Cyclone',3,'',8,1),
(564,'2024-04-28 22:00:12.630783','459','Palace',3,'',8,1),
(565,'2024-04-28 22:00:12.632036','458','Castle',3,'',8,1),
(566,'2024-04-28 22:00:12.633283','457','Fortress',3,'',8,1),
(567,'2024-04-28 22:00:12.634377','456','Steam',3,'',8,1),
(568,'2024-04-28 22:00:12.635390','455','Shield',3,'',8,1),
(569,'2024-04-28 22:00:12.636542','454','Armor',3,'',8,1),
(570,'2024-04-28 22:00:12.637865','453','Tank',3,'',8,1),
(571,'2024-04-28 22:00:12.639238','452','Glass',3,'',8,1),
(572,'2024-04-28 22:00:12.640367','451','Sand',3,'',8,1),
(573,'2024-04-28 22:00:12.643343','450','Deluge',3,'',8,1),
(574,'2024-04-28 22:00:12.644543','449','Flood',3,'',8,1),
(575,'2024-04-28 22:00:12.645870','448','Aquaterra',3,'',8,1),
(576,'2024-04-28 22:00:12.646942','447','Aquariums',3,'',8,1),
(577,'2024-04-28 22:00:12.650708','446','Aquarium',3,'',8,1),
(578,'2024-04-28 22:00:12.652021','445','Aquaria',3,'',8,1),
(579,'2024-04-28 22:00:12.653211','444','Inferno',3,'',8,1),
(580,'2024-04-28 22:00:12.654507','443','Blaze',3,'',8,1),
(581,'2024-04-28 22:00:12.655820','442','Terraform',3,'',8,1),
(582,'2024-04-28 22:00:12.657289','441','Splish',3,'',8,1),
(583,'2024-04-28 22:00:12.658508','440','Splash',3,'',8,1),
(584,'2024-04-28 22:00:12.659737','439','H2O',3,'',8,1),
(585,'2024-04-28 22:00:12.660830','438','Twister',3,'',8,1),
(586,'2024-04-28 22:00:12.662168','437','Tornado',3,'',8,1),
(587,'2024-04-28 22:00:12.664859','436','Storm',3,'',8,1),
(588,'2024-04-28 22:00:12.665904','435','Wind',3,'',8,1),
(589,'2024-04-28 22:00:12.667287','434','Breeze',3,'',8,1),
(590,'2024-04-28 22:00:50.776363','1','Water',2,'[{\"changed\": {\"fields\": [\"DescubiertoPor\", \"Creadores\"]}}]',8,1),
(591,'2024-04-28 22:00:57.606431','2','Fire',2,'[{\"changed\": {\"fields\": [\"DescubiertoPor\", \"Creadores\"]}}]',8,1),
(592,'2024-04-28 22:01:09.686777','3','Earth',2,'[{\"changed\": {\"fields\": [\"DescubiertoPor\", \"Creadores\"]}}]',8,1),
(593,'2024-04-28 22:01:25.451024','4','Air',2,'[{\"changed\": {\"fields\": [\"DescubiertoPor\", \"Creadores\"]}}]',8,1),
(594,'2024-04-28 22:16:46.949794','743','ID: 743, Elemento1: Volcano, Elemento2: Water, Resultado: Lava',3,'',7,1),
(595,'2024-05-02 21:37:24.556502','591','Trend',2,'[{\"changed\": {\"fields\": [\"Upload\"]}}]',8,1),
(596,'2024-05-02 21:37:30.928372','591','Trend',2,'[{\"changed\": {\"fields\": [\"Upload\"]}}]',8,1),
(597,'2024-05-02 21:37:35.514610','591','Trend',2,'[{\"changed\": {\"fields\": [\"Upload\"]}}]',8,1),
(598,'2024-05-02 21:37:40.014421','591','Trend',2,'[{\"changed\": {\"fields\": [\"Upload\"]}}]',8,1),
(599,'2024-05-02 21:37:45.452742','591','Trend',2,'[{\"changed\": {\"fields\": [\"Upload\"]}}]',8,1),
(600,'2024-05-02 21:37:50.275154','591','Trend',2,'[{\"changed\": {\"fields\": [\"Upload\"]}}]',8,1),
(601,'2024-05-02 21:37:54.855990','591','Trend',2,'[{\"changed\": {\"fields\": [\"Upload\"]}}]',8,1),
(602,'2024-05-02 21:37:59.930650','591','Trend',2,'[{\"changed\": {\"fields\": [\"Upload\"]}}]',8,1),
(603,'2024-05-02 21:38:04.342943','591','Trend',2,'[{\"changed\": {\"fields\": [\"Upload\"]}}]',8,1),
(604,'2024-05-02 21:38:11.629033','591','Trend',2,'[{\"changed\": {\"fields\": [\"Upload\"]}}]',8,1),
(605,'2024-05-02 21:38:16.511897','591','Trend',2,'[{\"changed\": {\"fields\": [\"Upload\"]}}]',8,1),
(606,'2024-05-02 21:38:24.289288','591','Trend',2,'[{\"changed\": {\"fields\": [\"Upload\"]}}]',8,1),
(607,'2024-05-02 21:38:29.093808','591','Trend',2,'[{\"changed\": {\"fields\": [\"Upload\"]}}]',8,1),
(608,'2024-05-02 21:38:33.592389','591','Trend',2,'[{\"changed\": {\"fields\": [\"Upload\"]}}]',8,1),
(609,'2024-05-02 21:38:38.073930','591','Trend',2,'[{\"changed\": {\"fields\": [\"Upload\"]}}]',8,1),
(610,'2024-05-02 21:38:43.875459','591','Trend',2,'[{\"changed\": {\"fields\": [\"Upload\"]}}]',8,1),
(611,'2024-05-02 21:39:01.980766','592','Meme',2,'[{\"changed\": {\"fields\": [\"Descripcion\", \"Imagen\"]}}]',8,1),
(612,'2024-05-02 21:39:11.429043','591','Trend',2,'[{\"changed\": {\"fields\": [\"Imagen\"]}}]',8,1),
(613,'2024-05-02 21:41:03.643049','588','Imitation',2,'[{\"changed\": {\"fields\": [\"Imagen\"]}}]',8,1),
(614,'2024-05-02 21:41:14.485278','587','Mimicry',2,'[{\"changed\": {\"fields\": [\"Imagen\"]}}]',8,1),
(615,'2024-05-02 21:41:22.305251','586','Copycat',2,'[{\"changed\": {\"fields\": [\"Descripcion\", \"Imagen\"]}}]',8,1),
(616,'2024-05-02 21:41:34.007844','583','Slush',2,'[{\"changed\": {\"fields\": [\"Imagen\"]}}]',8,1),
(617,'2024-05-02 21:41:41.823816','584','Slushtopia',2,'[{\"changed\": {\"fields\": [\"Imagen\"]}}]',8,1),
(618,'2024-05-02 21:42:21.252934','528','Flame',2,'[{\"changed\": {\"fields\": [\"Imagen\"]}}]',8,1),
(619,'2024-05-02 21:42:53.153576','523','Turbine',2,'[{\"changed\": {\"fields\": [\"Imagen\"]}}]',8,1),
(620,'2024-05-02 21:43:21.369161','529','Duplicate',2,'[{\"changed\": {\"fields\": [\"Nombre\"]}}]',8,1),
(621,'2024-05-02 21:43:29.910329','529','Duplicate',2,'[{\"changed\": {\"fields\": [\"Imagen\"]}}]',8,1),
(622,'2024-05-02 21:43:52.813353','530','Clone',2,'[{\"changed\": {\"fields\": [\"Descripcion\", \"Imagen\"]}}]',8,1),
(623,'2024-05-02 21:44:59.872725','536','Castle',2,'[{\"changed\": {\"fields\": [\"Descripcion\", \"Imagen\"]}}]',8,1),
(624,'2024-05-02 21:45:16.795664','534','Block',2,'[{\"changed\": {\"fields\": [\"Imagen\"]}}]',8,1),
(625,'2024-05-02 21:45:28.863542','563','Ruins',2,'[{\"changed\": {\"fields\": [\"Descripcion\", \"Imagen\"]}}]',8,1),
(626,'2024-05-02 21:45:39.295645','558','Wasteland',2,'[{\"changed\": {\"fields\": [\"Imagen\"]}}]',8,1),
(627,'2024-05-02 21:46:52.937609','560','Dust',2,'[{\"changed\": {\"fields\": [\"Imagen\"]}}]',8,1),
(628,'2024-05-02 21:47:24.533768','579','Ocean',2,'[{\"changed\": {\"fields\": [\"Descripcion\", \"Imagen\"]}}]',8,1),
(629,'2024-05-02 21:47:34.137549','538','Turbulence',2,'[{\"changed\": {\"fields\": [\"Imagen\"]}}]',8,1),
(630,'2024-05-02 21:47:52.896683','579','Ocean',2,'[]',8,1),
(631,'2024-05-02 21:48:47.537744','557','Ruin',2,'[{\"changed\": {\"fields\": [\"Descripcion\", \"Imagen\"]}}]',8,1),
(632,'2024-05-02 21:48:57.937827','531','Tornado',2,'[{\"changed\": {\"fields\": [\"Imagen\"]}}]',8,1),
(633,'2024-05-02 21:49:11.592717','535','Wall',2,'[{\"changed\": {\"fields\": [\"Imagen\"]}}]',8,1),
(634,'2024-05-02 21:51:52.263476','594','Spinner',2,'[{\"changed\": {\"fields\": [\"Descripcion\", \"Upload\"]}}]',8,1),
(635,'2024-05-02 21:52:01.237065','594','Spinner',2,'[{\"changed\": {\"fields\": [\"Imagen\"]}}]',8,1),
(636,'2024-05-02 21:52:09.525543','595','Whirlybird',2,'[{\"changed\": {\"fields\": [\"Descripcion\", \"Imagen\"]}}]',8,1),
(637,'2024-05-05 20:10:37.278953','10','Test2',2,'[{\"changed\": {\"fields\": [\"Groups\"]}}]',4,4),
(638,'2024-05-09 15:10:52.275175','655','Utopia',2,'[{\"changed\": {\"fields\": [\"Upload\"]}}]',8,4),
(639,'2024-05-09 15:11:00.410878','655','Utopia',2,'[{\"changed\": {\"fields\": [\"Upload\"]}}]',8,4),
(640,'2024-05-09 15:11:23.020727','655','Utopia',2,'[{\"changed\": {\"fields\": [\"Upload\"]}}]',8,4),
(641,'2024-05-09 15:11:32.300235','655','Utopia',2,'[{\"changed\": {\"fields\": [\"Upload\"]}}]',8,4),
(642,'2024-05-09 15:11:39.998817','655','Utopia',2,'[{\"changed\": {\"fields\": [\"Upload\"]}}]',8,4),
(643,'2024-05-09 15:11:48.587506','655','Utopia',2,'[{\"changed\": {\"fields\": [\"Upload\"]}}]',8,4),
(644,'2024-05-09 15:56:26.490899','655','Utopia',2,'[{\"changed\": {\"fields\": [\"Upload\"]}}]',8,4),
(645,'2024-05-09 15:57:53.900475','655','Utopia',2,'[{\"changed\": {\"fields\": [\"Upload\"]}}]',8,4),
(646,'2024-05-09 15:58:24.589295','655','Utopia',2,'[{\"changed\": {\"fields\": [\"Upload\"]}}]',8,4),
(647,'2024-05-09 16:29:36.052930','655','Utopia',2,'[{\"changed\": {\"fields\": [\"Upload\"]}}]',8,4),
(648,'2024-05-09 16:51:34.257963','655','Utopia',2,'[{\"changed\": {\"fields\": [\"Upload\"]}}]',8,4);
/*!40000 ALTER TABLE `django_admin_log` ENABLE KEYS */;
UNLOCK TABLES;

--
-- Table structure for table `django_content_type`
--

DROP TABLE IF EXISTS `django_content_type`;
/*!40101 SET @saved_cs_client     = @@character_set_client */;
/*!40101 SET character_set_client = utf8 */;
CREATE TABLE `django_content_type` (
  `id` int(11) NOT NULL AUTO_INCREMENT,
  `app_label` varchar(100) NOT NULL,
  `model` varchar(100) NOT NULL,
  PRIMARY KEY (`id`),
  UNIQUE KEY `django_content_type_app_label_model_76bd3d3b_uniq` (`app_label`,`model`)
) ENGINE=InnoDB AUTO_INCREMENT=9 DEFAULT CHARSET=utf8mb4 COLLATE=utf8mb4_general_ci;
/*!40101 SET character_set_client = @saved_cs_client */;

--
-- Dumping data for table `django_content_type`
--

LOCK TABLES `django_content_type` WRITE;
/*!40000 ALTER TABLE `django_content_type` DISABLE KEYS */;
INSERT INTO `django_content_type` VALUES
(1,'admin','logentry'),
(3,'auth','group'),
(2,'auth','permission'),
(4,'auth','user'),
(5,'contenttypes','contenttype'),
(7,'LittleAIlchemy','dbcombinaciones'),
(8,'LittleAIlchemy','dbelementos'),
(6,'sessions','session');
/*!40000 ALTER TABLE `django_content_type` ENABLE KEYS */;
UNLOCK TABLES;

--
-- Table structure for table `django_migrations`
--

DROP TABLE IF EXISTS `django_migrations`;
/*!40101 SET @saved_cs_client     = @@character_set_client */;
/*!40101 SET character_set_client = utf8 */;
CREATE TABLE `django_migrations` (
  `id` bigint(20) NOT NULL AUTO_INCREMENT,
  `app` varchar(255) NOT NULL,
  `name` varchar(255) NOT NULL,
  `applied` datetime(6) NOT NULL,
  PRIMARY KEY (`id`)
) ENGINE=InnoDB AUTO_INCREMENT=28 DEFAULT CHARSET=utf8mb4 COLLATE=utf8mb4_general_ci;
/*!40101 SET character_set_client = @saved_cs_client */;

--
-- Dumping data for table `django_migrations`
--

LOCK TABLES `django_migrations` WRITE;
/*!40000 ALTER TABLE `django_migrations` DISABLE KEYS */;
INSERT INTO `django_migrations` VALUES
(1,'LittleAIlchemy','0001_initial','2024-04-11 20:21:45.278546'),
(2,'LittleAIlchemy','0002_alter_combinaciones_imagen','2024-04-11 20:21:45.282465'),
(3,'LittleAIlchemy','0003_alter_combinaciones_options','2024-04-11 20:21:45.287859'),
(4,'LittleAIlchemy','0004_auto_20240402_2315','2024-04-11 20:21:45.296548'),
(5,'LittleAIlchemy','0005_alter_dbelementos_options_and_more','2024-04-11 20:21:45.580074'),
(6,'contenttypes','0001_initial','2024-04-11 20:21:45.606349'),
(7,'auth','0001_initial','2024-04-11 20:21:45.874489'),
(8,'admin','0001_initial','2024-04-11 20:21:45.936749'),
(9,'admin','0002_logentry_remove_auto_add','2024-04-11 20:21:45.944555'),
(10,'admin','0003_logentry_add_action_flag_choices','2024-04-11 20:21:45.951663'),
(11,'contenttypes','0002_remove_content_type_name','2024-04-11 20:21:45.996917'),
(12,'auth','0002_alter_permission_name_max_length','2024-04-11 20:21:46.033654'),
(13,'auth','0003_alter_user_email_max_length','2024-04-11 20:21:46.054915'),
(14,'auth','0004_alter_user_username_opts','2024-04-11 20:21:46.062081'),
(15,'auth','0005_alter_user_last_login_null','2024-04-11 20:21:46.087840'),
(16,'auth','0006_require_contenttypes_0002','2024-04-11 20:21:46.089407'),
(17,'auth','0007_alter_validators_add_error_messages','2024-04-11 20:21:46.096452'),
(18,'auth','0008_alter_user_username_max_length','2024-04-11 20:21:46.116542'),
(19,'auth','0009_alter_user_last_name_max_length','2024-04-11 20:21:46.134199'),
(20,'auth','0010_alter_group_name_max_length','2024-04-11 20:21:46.151969'),
(21,'auth','0011_update_proxy_permissions','2024-04-11 20:21:46.160566'),
(22,'auth','0012_alter_user_first_name_max_length','2024-04-11 20:21:46.178361'),
(23,'sessions','0001_initial','2024-04-11 20:21:46.205154'),
(24,'LittleAIlchemy','0006_dbelementos_upload_alter_dbelementos_imagen','2024-04-15 21:12:56.023995'),
(25,'LittleAIlchemy','0007_dbelementos_creadores','2024-04-24 17:32:17.342613'),
(26,'LittleAIlchemy','0008_dbelementos_descubiertopor','2024-04-28 21:17:36.049483'),
(27,'LittleAIlchemy','0009_dbcombinaciones_creadoresc','2024-05-02 21:59:18.568950');
/*!40000 ALTER TABLE `django_migrations` ENABLE KEYS */;
UNLOCK TABLES;

--
-- Table structure for table `django_session`
--

DROP TABLE IF EXISTS `django_session`;
/*!40101 SET @saved_cs_client     = @@character_set_client */;
/*!40101 SET character_set_client = utf8 */;
CREATE TABLE `django_session` (
  `session_key` varchar(40) NOT NULL,
  `session_data` longtext NOT NULL,
  `expire_date` datetime(6) NOT NULL,
  PRIMARY KEY (`session_key`),
  KEY `django_session_expire_date_a5c62663` (`expire_date`)
) ENGINE=InnoDB DEFAULT CHARSET=utf8mb4 COLLATE=utf8mb4_general_ci;
/*!40101 SET character_set_client = @saved_cs_client */;

--
-- Dumping data for table `django_session`
--

LOCK TABLES `django_session` WRITE;
/*!40000 ALTER TABLE `django_session` DISABLE KEYS */;
INSERT INTO `django_session` VALUES
('1z2se7s7orf043laf1fa5742si2f9mu4','.eJxVjEEOwiAQRe_C2hAGQcGl-56BDDOMVA1NSrsy3l2bdKHb_977L5VwXWpae5nTyOqiQB1-t4z0KG0DfMd2mzRNbZnHrDdF77TrYeLyvO7u30HFXr91yAHYg1iH0Rh2XDJ7B2KKsQSAkIWdRHPOfJJAgN6y0JGigDfOinp_APK-OHU:1rz1Wq:rLQQrcnAAP20RoSSY5XkGytjvh0jGE0JEiM9-PTMrZ0','2024-05-06 21:48:48.374736'),
('3120hg208xsx7yjanxuh7k6px9ndecfa','.eJxVjMsOwiAQRf-FtSFQykOX7vsNZJhhpGogKe3K-O_apAvd3nPOfYkI21ri1vMSZxIXYcTpd0uAj1x3QHeotyax1XWZk9wVedAup0b5eT3cv4MCvXxrpy1TIOW8OxOzVolCUOgNmmxhGBQCG7Y2aFCjB8jOa84URu0TBjTi_QHqFzgz:1rz0ZP:7tmTSDUu3pvvcQJqZs3IO_MggKcBPs21a23QmVCoM3I','2024-05-06 20:47:23.059501'),
('5g9shuifttu58q3zm6autlpi0sj98kq1','.eJxVjEEOwiAQRe_C2hAGQcGl-56BDDOMVA1NSrsy3l2bdKHb_977L5VwXWpae5nTyOqiQB1-t4z0KG0DfMd2mzRNbZnHrDdF77TrYeLyvO7u30HFXr91yAHYg1iH0Rh2XDJ7B2KKsQSAkIWdRHPOfJJAgN6y0JGigDfOinp_APK-OHU:1s2sNK:tPO0PFhBjv8TwHCMnzFpPn4y2Ubtv5hQt7ukIKn10gk','2024-05-17 12:50:54.757716'),
('ab86jc622kux5xl2sdm6vuzosc03jp9n','.eJxVjEEOwiAQRe_C2hAGQcGl-56BDDOMVA1NSrsy3l2bdKHb_977L5VwXWpae5nTyOqiQB1-t4z0KG0DfMd2mzRNbZnHrDdF77TrYeLyvO7u30HFXr91yAHYg1iH0Rh2XDJ7B2KKsQSAkIWdRHPOfJJAgN6y0JGigDfOinp_APK-OHU:1s4oda:OFp3QILzN4tPF0Xh4A1z6Nnvij5XvRxu0Sl-U6Oy02E','2024-05-22 21:15:42.280739'),
('dq1bibhr88i2ntyjkmo6l0jqpr4fn24r','.eJxVjEEOwiAQRe_C2hAGQcGl-56BDDOMVA1NSrsy3l2bdKHb_977L5VwXWpae5nTyOqiQB1-t4z0KG0DfMd2mzRNbZnHrDdF77TrYeLyvO7u30HFXr91yAHYg1iH0Rh2XDJ7B2KKsQSAkIWdRHPOfJJAgN6y0JGigDfOinp_APK-OHU:1rxZH1:c0FrkAcp9EMsT1NshNEwXJpifuYgBw-JUVVcuDIeIoU','2024-05-02 21:26:27.110044'),
('icel732s4duzkdvqu9artb6ewp5ypi6p','.eJxVjMsOwiAQRf-FtSFQykOX7vsNZJhhpGogKe3K-O_apAvd3nPOfYkI21ri1vMSZxIXYcTpd0uAj1x3QHeotyax1XWZk9wVedAup0b5eT3cv4MCvXxrpy1TIOW8OxOzVolCUOgNmmxhGBQCG7Y2aFCjB8jOa84URu0TBjTi_QHqFzgz:1rziF8:cbn52UzEqXo_WuVoasxH-kNjp7xQZEQedBM5gcsTpXM','2024-05-08 19:25:22.357405'),
('k05fes37by5pms80j05c1l1icnpyiqao','.eJxVjEEOwiAQRe_C2hAGQcGl-56BDDOMVA1NSrsy3l2bdKHb_977L5VwXWpae5nTyOqiQB1-t4z0KG0DfMd2mzRNbZnHrDdF77TrYeLyvO7u30HFXr91yAHYg1iH0Rh2XDJ7B2KKsQSAkIWdRHPOfJJAgN6y0JGigDfOinp_APK-OHU:1rzP2U:lX7Qdih8lwKIV7AGct6wOVOKj0zmYGmiEd6eFpEacds','2024-05-07 22:55:02.950712'),
('k54z3kgnmiq5bjfi53fskspcvijkzmoz','.eJxVjEEOwiAQRe_C2hAGQcGl-56BDDOMVA1NSrsy3l2bdKHb_977L5VwXWpae5nTyOqiQB1-t4z0KG0DfMd2mzRNbZnHrDdF77TrYeLyvO7u30HFXr91yAHYg1iH0Rh2XDJ7B2KKsQSAkIWdRHPOfJJAgN6y0JGigDfOinp_APK-OHU:1s464K:eDGGTZQmRJQQNyi3LRYovLSCpmdLCyaQJsJTzfzzZHc','2024-05-20 21:40:20.660051'),
('kd8y99ylgw8zn9edz9yde387rijwhqe1','.eJxVjEEOwiAQRe_C2hAYKIwu3fcMBJhBqoYmpV0Z765NutDtf-_9lwhxW2vYOi9hInERVpx-txTzg9sO6B7bbZZ5busyJbkr8qBdjjPx83q4fwc19vqtwZHJzHpg0C57yIq4RIuF0HqNbkhGWVJ4LmQY0Dq2GJFYe-fBgBHvD-pRN4I:1s55Jl:GQDa0mZMjQEU4fOUtO3wMW-z7WZu8t2g1VH537ZDBHY','2024-05-23 15:04:21.354790'),
('p8xlxks36ppe6l8fpkvjja7uih1pxcrz','.eJxVjMsOwiAQRf-FtSHyGsCle7-BADNI1UBS2pXx322TLnR7zrn3zUJclxrWQXOYkF0YsNMvSzE_qe0CH7HdO8-9LfOU-J7www5-60iv69H-HdQ46raWxaYzGRCkNBkNHl3WoIpS1iDIZEkamcpGhEPlUkafi1BFOgneI7DPF9gNN5Y:1rz1gh:KCWlKpZHhzRPy4qN3YOygPwZ8BpWs28ivXKn3z-MEZ8','2024-05-06 21:58:59.389947'),
('phvydbuppyqyvyd76jl9lmxzakcs76t0','.eJxVjEEOwiAQRe_C2hAYKIwu3fcMBJhBqoYmpV0Z765NutDtf-_9lwhxW2vYOi9hInERVpx-txTzg9sO6B7bbZZ5busyJbkr8qBdjjPx83q4fwc19vqtwZHJzHpg0C57yIq4RIuF0HqNbkhGWVJ4LmQY0Dq2GJFYe-fBgBHvD-pRN4I:1s56cm:t1g7LUriOkIdGL3FTMYjvIrwnSh7vgyCU8FK5boQIoU','2024-05-23 16:28:04.290405'),
('reyrcuetvglhagvmdwhylk5jl6zibp5i','.eJxVjEEOwiAQRe_C2hAYKIwu3fcMBJhBqoYmpV0Z765NutDtf-_9lwhxW2vYOi9hInERVpx-txTzg9sO6B7bbZZ5busyJbkr8qBdjjPx83q4fwc19vqtwZHJzHpg0C57yIq4RIuF0HqNbkhGWVJ4LmQY0Dq2GJFYe-fBgBHvD-pRN4I:1s466p:deVv9s4N-BywIGNHVPtDrt4AoTpGym98x8K2P1O-Des','2024-05-20 21:42:55.922992'),
('s1dbygmadzw7mhkjrsakicoial15l07p','.eJxVjEEOwiAQRe_C2hAYKIwu3fcMBJhBqoYmpV0Z765NutDtf-_9lwhxW2vYOi9hInERVpx-txTzg9sO6B7bbZZ5busyJbkr8qBdjjPx83q4fwc19vqtwZHJzHpg0C57yIq4RIuF0HqNbkhGWVJ4LmQY0Dq2GJFYe-fBgBHvD-pRN4I:1s6dQv:ne7wkp4qdvInyTycT7NLMuWuAJ5X9hhpERlCfA-qYJ0','2024-05-27 21:42:09.108568'),
('uy90pxa32jamoacsj252x3lyore00e23','.eJxVjEEOwiAQRe_C2hAYKIwu3fcMBJhBqoYmpV0Z765NutDtf-_9lwhxW2vYOi9hInERVpx-txTzg9sO6B7bbZZ5busyJbkr8qBdjjPx83q4fwc19vqtwZHJzHpg0C57yIq4RIuF0HqNbkhGWVJ4LmQY0Dq2GJFYe-fBgBHvD-pRN4I:1s574i:bH9DyGVvgHu5IebQE8Ko32Azx4Re3_kM7gzaGVxROTU','2024-05-23 16:56:56.509468'),
('w45gdvo0xj9tukgemxhz6nayp4hr5bie','.eJxVjEEOwiAQRe_C2hAYKIwu3fcMBJhBqoYmpV0Z765NutDtf-_9lwhxW2vYOi9hInERVpx-txTzg9sO6B7bbZZ5busyJbkr8qBdjjPx83q4fwc19vqtwZHJzHpg0C57yIq4RIuF0HqNbkhGWVJ4LmQY0Dq2GJFYe-fBgBHvD-pRN4I:1s577l:qCi8oe8BqC0tAP-zmmt4A7DkaeSglpVKUSwf1mEuo2k','2024-05-23 17:00:05.320693');
/*!40000 ALTER TABLE `django_session` ENABLE KEYS */;
UNLOCK TABLES;

--
-- Table structure for table `elementos`
--

DROP TABLE IF EXISTS `elementos`;
/*!40101 SET @saved_cs_client     = @@character_set_client */;
/*!40101 SET character_set_client = utf8 */;
CREATE TABLE `elementos` (
  `id` int(11) NOT NULL AUTO_INCREMENT,
  `nombre` varchar(255) NOT NULL,
  `descripcion` longtext NOT NULL,
  `imagen` varchar(500) NOT NULL,
  `upload` varchar(100) NOT NULL,
  `descubiertoPor` varchar(255) NOT NULL,
  PRIMARY KEY (`id`)
) ENGINE=InnoDB AUTO_INCREMENT=658 DEFAULT CHARSET=utf8mb4 COLLATE=utf8mb4_general_ci;
/*!40101 SET character_set_client = @saved_cs_client */;

--
-- Dumping data for table `elementos`
--

LOCK TABLES `elementos` WRITE;
/*!40000 ALTER TABLE `elementos` DISABLE KEYS */;
INSERT INTO `elementos` VALUES
(1,'Water','','Water.png','','The Flying Spaghetti Monster'),
(2,'Fire','','Fire.png','','The Flying Spaghetti Monster'),
(3,'Earth','','Earth.png','','The Flying Spaghetti Monster'),
(4,'Air','','Air.png','static/imagenes/elementos/Sound.png','The Flying Spaghetti Monster'),
(504,'Mist','Mist is a soft, fluffy cloud of water vapor that floats in the air, often shrouding the surrounding landscape in a veil of grey. It can be light and wispy, or thick and heavy, depending on the humidity and temperature of the environment. Mist can be seen in various locations, such as near bodies of water, in forests, or in the early morning hours. It has a dreamy, ethereal quality that can evoke a sense of mystery and wonder.','Water.png','','Hskull55'),
(505,'Fog','Fog is a thick, white mist that blankets the landscape, reducing visibility to mere feet. It\'s as if a veil of mystery has descended upon the world, obscuring the truth and hiding secrets in its misty embrace. The air is heavy with moisture, and the fog seems to cling to everything, weighing it down with its damp, chill presence. As you move through the fog, it\'s easy to feel disoriented and lost, as if you\'re walking through a dream that\'s slowly unraveling around you.','Cloud.png','','Hskull55'),
(506,'Steam','Steam is a popular digital distribution platform that offers a vast library of games, software, and other digital content. It was founded in 2003 and has since become one of the largest and most popular platforms for PC gaming, with millions of users worldwide. Steam provides a user-friendly interface for discovering, purchasing, and managing digital content, as well as a social platform for connecting with other gamers and sharing content. In addition to games, Steam also offers a range of other digital content, including software, movies, and virtual goods.','Cloud.png','','ranita14'),
(507,'Volcano','A towering, smoky monolith, spewing molten lava and ash into the sky. Its fiery core glows red-orange, casting a menacing shadow over the surrounding landscape. The ground around it is scorched and barren, testifying to its immense power.','Volcano.png','','ranita14'),
(508,'Eruption','An intense, explosive event characterized by violent, convulsive movements and the sudden release of energy, often resulting in the spewing of molten rock, ash, and gas from a volcanic vent.','Volcano.png','','ranita14'),
(509,'Lava','Lava is a molten, fiery substance that flows from volcanic vents or fissures. It is typically red or orange in color and can reach temperatures of up to 2,000 degrees Fahrenheit (1,093 degrees Celsius). Lava flows can be slow and steady, or they can race through the landscape with incredible speed and power, destroying everything in their path.','Volcano.png','','ranita14'),
(510,'Magma','Magma is a hot, molten substance that originates from the Earth\'s interior. It is characterized by its intense heat and viscosity, which makes it difficult to flow or move. Magma is typically found in volcanic regions and can erupt from volcanoes in the form of lava. It can also solidify and form igneous rocks, such as basalt or granite.','Volcano.png','','ranita14'),
(511,'Cloud','Sure, here\'s a brief description of the word \"cloud\":\n\nCloud: A mass of water vapor and tiny droplets suspended in the air, often forming a visible layer in the sky. Can appear as a soft, white puff, a dark and menacing storm, or a delicate, wispy streak across the horizon. Can be used to store and process data, or to provide a soothing, ethereal backdrop for a landscape.','Cloud.png','','Admin'),
(512,'Mud','Mud is a thick, gooey substance that can be found in various environments, including wetlands, rivers, and oceans. It is often dark brown in color and has a sticky, clingy texture that can be difficult to clean off.','Earth.png','','Admin'),
(513,'Terraform','Terraform is a word that carries a sense of vastness and power. It evokes images of a planetary scale, with towering mountain ranges, sprawling oceans, and diverse ecosystems. The term conveys a sense of something that is both majestic and awe-inspiring, yet also fragile and vulnerable to the forces of nature. The word suggests the idea of shaping and molding, as if one were sculpting a world from raw material. Terraform also implies a sense of transformation, as if the very fabric of reality were being reshaped and reimagined.','Earth.png','','Admin'),
(514,'Storm','Storm: A powerful and intense weather system characterized by strong winds, heavy rainfall, and thunder. The sky darkens, and lightning illuminates the sky as the storm rages on, causing the earth to tremble and the trees to sway.','Lightning.png','','Test2'),
(515,'Hurricane','Hurricane: A powerful and destructive tropical cyclone characterized by strong winds, heavy rainfall, and storm surges that can cause significant damage to coastal areas.','Rain.png','','Robot8750'),
(516,'Twister','Twister is a powerful and intense storm that brings strong winds and heavy rain. It is characterized by its spinning motion, which can cause destruction and disruption in its path. The winds can reach speeds of over 200 miles per hour, making it a dangerous and potentially deadly storm. Twisters are most commonly associated with the midwestern United States, but they can occur anywhere in the world.','Rain.png','','Cocodrilo4849'),
(517,'Terrafarm','Terrafarm is a word that evokes a sense of sustainability and innovation. It suggests a futuristic approach to agriculture, where technology and nature are combined to create a harmonious and productive system. The term implies a focus on the earth and its natural resources, with a commitment to responsible and environmentally-friendly practices. Imagery associated with Terrafarm might include vertical farms, hydroponic gardens, and other cutting-edge agricultural techniques that prioritize efficiency and sustainability. The overall feeling is one of progress and forward thinking, as if the potential for a more sustainable and prosperous future is being unlocked through the power of technology.','Earth.png','','PineappleOnPizza'),
(518,'Flames','Sure! Here\'s a brief description of the word \"Flames\":\n\nFlames are a type of fire that burns with a high temperature and intensity, often producing a bright, orange glow. They are characterized by their flickering, dancing motion, and can be seen in a variety of settings, such as burning candles, fireplaces, or wildfires. Flames can be both beautiful and dangerous, and are often associated with passion, energy, and destruction.','Fire.png','','666'),
(519,'Inferno','Inferno is a word that evokes a sense of intense heat and flames. It can conjure images of a raging fire, consuming everything in its path with a fierce and unrelenting passion. The word is often associated with the underworld, hell, or any other realm of intense suffering and punishment. Inferno can also suggest a state of mind, a feeling of being overwhelmed by emotional turmoil or personal demons. It can be a word of intense power and darkness, a reminder that some fires can never be extinguished.','Volcano.png','','JoeBiden'),
(520,'Plantation','A plantation is a large estate or property used for agricultural purposes, typically involving the cultivation of crops such as cotton, tobacco, or sugarcane. These estates are often characterized by their grandiose architecture and sprawling landscapes, and were historically associated with the ownership and exploitation of enslaved labor. The term \"plantation\" can also be used more broadly to refer to any large-scale agricultural operation, regardless of its historical or cultural context.','Tree.png','','BeatThis'),
(521,'Estate','An estate refers to a large piece of land or property, often associated with wealth and luxury. It may include a grand mansion, expansive gardens, and other opulent features, and is typically owned by someone of means. The term can also refer to a person\'s entire assets and property, including real estate, investments, and other possessions, that are inherited or passed down after they pass away.','Tree.png','','BeatThis'),
(522,'H2O','H2O is a chemical formula for water, a clear, colorless, and odorless liquid that is essential for life on Earth. It is the most abundant substance on the planet, covering approximately 71% of its surface, and is vital for many biological processes, including the growth and maintenance of living organisms.','Water.png','','Admin'),
(523,'Turbine','A turbine is a machine that converts kinetic energy into mechanical energy by using a rotating blade to generate rotation.','Plane.png','','Admin'),
(524,'Blaze','Blaze: a fiery, intense light that illuminates and scorches all in its path, leaving a trail of warmth and destruction in its wake.','Fire.png','','Admin'),
(525,'Terraverse','Terraverse is a multidimensional expanse of worlds, each one a unique and varied tapestry of landscapes, cultures, and life forms. It is a realm of boundless possibility, where the laws of physics and reality are bent and twisted in ways that challenge the imagination. Here, the inhabitants of each world live in harmony with their environment, or struggle against it, their stories and histories intertwining with those of the countless other worlds that make up the Terraverse.','Earth.png','','Hskull55'),
(526,'Terrain','Sure, here\'s a brief description of the word \"terrain\":\n\nTerrain refers to the physical features of a particular environment or location, including the hills, valleys, mountains, forests, deserts, oceans, and other natural or man-made landscapes that make up the landscape. It can also refer to the topography of a particular area, including the shape and layout of its hills, valleys, and other geological features. Additionally, terrain can be used to describe the overall aesthetic or character of a place, such as its ruggedness, beauty, or sense of grandeur.','Mountain.png','','Hskull55'),
(527,'Landscape','A sweeping expanse of rolling hills, undulating like a sea of green, stretching out as far as the eye can see. The sky above, a brilliant blue, punctuated by wispy clouds, drifting lazily across the canvas. In the distance, a range of towering mountains, their peaks piercing the horizon like jagged teeth. The air is crisp and clean, filled with the sweet scent of blooming wildflowers.','Mountain.png','','Hskull55'),
(528,'Flame','Flame: A fiery, molten mass, dancing with an ethereal glow.','Fire.png','','Admin'),
(529,'Duplicate','Duplicate: A word that refers to something that is identical or very similar to something else, often in terms of content, quality, or function.','Magic.png','','Admin'),
(530,'Clone','Sure! Here is a brief description of the word \"clone\":\r\n\r\nA clone is a genetically identical copy of a living being, often created through scientific reproduction or artificial means. The term can also refer to a duplication or replication of something else, such as a digital file or a software program. In popular culture, the term \"clone\" has taken on a broader meaning, often used to describe a copy or duplicate of something that is not necessarily genetically identical.','Magic.png','','Admin'),
(531,'Tornado','A swirling column of air, twisting and turning with unrivaled fury, leaving a trail of destruction in its wake.','Tornado.png','','ranita14'),
(532,'Dense','Dense refers to something that is compact and closely packed together, often to the point of being difficult to distinguish individual elements. It can describe a variety of things, such as a dense forest, a dense population, or a dense fog. The word often connotes a sense of heaviness or compactness, as if something is made up of many small parts that are closely packed together.','Earth.png','','ranita14'),
(533,'Solid','Sure, here\'s a brief description of the word \"Solid\":\n\nSolid refers to something that has a fixed shape and volume, and is not easily changed or malleable. It can be a physical object, such as a brick or a piece of furniture, or it can be a concept, such as a solid argument or a solid foundation. In general, the term implies stability, reliability, and substance.','Earth.png','','ranita14'),
(534,'Block','Block: A solid, rectangular piece of material, typically made of wood, stone, or metal, used for various purposes such as building, construction, or art.','Brick.png','','ranita14'),
(535,'Wall','Wall: A vertical structure of wood, stone, or other materials, used for support, division, or protection.','Brick.png','','ranita14'),
(536,'Castle','Sure! Here\'s a brief description of the word \"Castle\":\r\n\r\nA grand, imposing structure of stone or brick, often with towers, battlements, and a moat.','Building.png','','ranita14'),
(537,'Palace','A grandiose structure, ornate and luxurious, with towering spires and sweeping arches, surrounded by manicured gardens and sparkling fountains.','Crown.png','','ranita14'),
(538,'Turbulence','Turbulence: A chaotic and unpredictable flow of air or water, characterized by churning eddies, whirlpools, and swirling currents.','Air.png','','ranita14'),
(539,'Chaos','Chaos: A word that conjures images of unpredictability, disorder, and confusion. It suggests a realm where rules no longer apply, where the norms of society are turned upside down, and where the future is shrouded in darkness. In this state of chaos, everything is in constant flux, and the very fabric of reality seems to be unraveling.','Explosion.png','','ranita14'),
(540,'Pandemonium','Pandemonium is a state of utter chaos and confusion, where order and structure are completely disregarded. It is a place where chaos reigns supreme, and where the rules of society no longer apply. It is a time of unbridled madness and mayhem, where anything can happen and nothing makes sense. In this state of pandemonium, the usual constraints of reality are abandoned, and the imagination knows no bounds.','Virus.png','','ranita14'),
(541,'Clutter','Clutter refers to a state of disorganization or mess, where items are haphazardly arranged or stacked, creating an overwhelming and chaotic environment. It can be found in various settings, such as homes, offices, or public spaces, and can range from a few scattered objects to a complete mess that makes it difficult to navigate or find what you need. Clutter can be a source of stress and anxiety for some people, and can also contribute to a sense of chaos and disorganization in one\'s life.','Soup.png','','ranita14'),
(542,'Mess','Mess is a word that can refer to a state of disarray or confusion. It can describe a situation where things are not tidy or organized, and where there may be a lack of clarity or order. A mess can be a physical space, such as a cluttered room or a messy workspace, or it can be a metaphorical state, such as a mess of emotions or a mess of conflicting ideas. In either case, the word conveys a sense of disorganization and potentially chaotic conditions.','Soup.png','','ranita14'),
(543,'Dirt','Dirt is a dark, rich brown soil that is often associated with the ground or earth. It is characterized by its coarse, rough texture and its ability to retain moisture. Dirt can be found in a variety of environments, including gardens, parks, and outdoor spaces, and it is often used for growing plants and flowers. In addition to its practical uses, dirt can also evoke feelings of nostalgia and childhood memories, as it is often associated with play and exploration.','Earth.png','','ranita14'),
(544,'Ground','Ground: A solid, flat surface, typically made of dirt or soil, that provides a stable base for objects and living things. It can be found in various environments, including forests, fields, and cities, and is essential for supporting life and movement.','Earth.png','','ranita14'),
(545,'Quake','Quake: A powerful and violent earthquake, causing the ground to shook and tremble, often resulting in destruction and loss of life.','Explosion.png','','ranita14'),
(546,'Aftershock','Aftershock: a sudden, powerful tremor or shock that occurs after a significant event, often causing damage or disruption to the surrounding area.','Explosion.png','','ranita14'),
(547,'Earthquake','Earthquake: A seismic event caused by the shifting of tectonic plates beneath the Earth\'s surface, characterized by sudden and violent ground motion, often resulting in damage to structures and infrastructure.','Volcano.png','','ranita14'),
(548,'Splash','Sure, here\'s a brief description of the word \"Splash\":\n\nSplash is a verb that refers to the sound or movement of water or other liquid hitting a surface with a loud, crashing noise. It can also describe the act of immersing oneself in water or another liquid, or the visual effect of a liquid splashing or spraying. The word often evokes images of waves crashing on a beach, water falling from a faucet, or a child playing in a pool.','Water.png','','ranita14'),
(549,'Cave','Sure! Here\'s a brief description of the word \"cave\":\n\nA cave is a dark, enclosed space in the ground or a cliff, often filled with rocks and soil. It can be used as a shelter or a hiding place, and is often associated with adventure, exploration, and mystery. The word \"cave\" can evoke thoughts of underground passages, stalactites and stalagmites, and the unknown depths of the earth.','Dragon.png','','ranita14'),
(550,'Cavern','A vast, subterranean expanse, dark and damp, lit only by the faint glow of luminescent fungi and the distant gleam of water. The cavern\'s walls are roughhewn and jagged, carved by the relentless passage of time and the steady drip of water. In the depths of the cavern, shadows dance and move, obscuring the secrets that lie within.','Dragon.png','','ranita14'),
(551,'Mine','Sure, here is a brief description of the word \"Mine\":\n\nMine is a noun that refers to something that belongs to or is under the control of a particular person or group. It can also refer to a deep excavation or trench made in the ground for mining purposes. The term can also be used figuratively to describe something that is deeply personal or important to a person.','Earth.png','','ranita14'),
(552,'Cave-In','Cave-In: A sudden and violent collapse of a cave\'s structure, often caused by heavy rain, earthquakes, or underground water seepage, resulting in a massive debris pile that can trap or crush anyone inside.','Dragon.png','','ranita14'),
(553,'Collapse','Collapse is a word that carries a heavy weight of destruction and devastation. It evokes images of once-towering structures now reduced to rubble, of once-vibrant communities left shattered and fragmented. It speaks of the crumbling of foundations, the breaking of bonds, and the unraveling of the very fabric of life itself. The word collapse is a harbinger of despair, a reminder of the fragility of our creations and the impermanence of our existence.','Snow.png','','ranita14'),
(554,'Implosion','Implosion: A catastrophic collapse inward, like a dying star collapsing in on itself. A sudden and violent implosion can lead to destruction and devastation, leaving nothing but a trail of debris and ruin in its wake.','Explosion.png','','ranita14'),
(555,'Explosion','An explosion is a sudden, violent release of energy or matter, often resulting in a loud noise, intense light, and a powerful shockwave. It can be caused by a variety of factors, such as chemical reactions, detonations, or impacts. The force of an explosion can level buildings, shatter windows, and injure or kill those nearby. It can also create massive destruction, such as craters or fires, and can have long-lasting effects on the environment and those affected.','Explosion.png','','ranita14'),
(556,'Destruction','Destruction is a powerful and destructive force, capable of reducing entire cities to rubble and ashes. It can be a natural disaster, such as a massive earthquake or hurricane, or a man-made catastrophe, like a bombing or a war. The impact of destruction can be devastating, leaving survivors to pick up the pieces and rebuild their lives in the aftermath of the devastation.','Explosion.png','','ranita14'),
(557,'Ruin','Sure! Here is a brief description of the word \"Ruin\":\r\n\r\nRuin is a noun that refers to the state of being completely destroyed or reduced to nothing. It can also describe something that has been so badly damaged or neglected that it is no longer usable or valuable. Ruin can evoke feelings of devastation, decay, and loss, and is often associated with the passing of time and the impermanence of things.','Building.png','','ranita14'),
(558,'Wasteland','A desolate, barren landscape devoid of life, with cracked earth and crumbling structures stretching as far as the eye can see. Weeds and wildflowers sprout from thecracks, their vibrant colors standing out against the bleak backdrop. The air is thick with the acrid smell of decay and the distant hum of radiation lingers, a reminder of the devastation that once swept through this once-thriving region.','Desert.png','','ranita14'),
(559,'Desolation','Desolation is a word that evokes a sense of barrenness and emptiness. It conjures up images of a vast, lifeless landscape devoid of any signs of life or hope. The term suggests a state of utter desolation, where nature has reclaimed what was once a thriving and vibrant place, leaving behind only ruins and decay. The mood it creates is somber and melancholic, a reminder of the transience of life and the inevitability of decline and decay.','Toxin.png','','ranita14'),
(560,'Dust','Dust is a small, dry particle that floats in the air or settles on surfaces. It can be made up of various materials, including soil, pollen, and human hair. It often carries the scent of its origin, such as the earthy smell of soil or the musty scent of old books. Dust can be seen floating in beams of light, casting a soft, ethereal glow on the objects it touches. It can also be a nuisance, settling on furniture and clothing, and making it difficult to see or breathe. Despite its inconvenience, dust holds a certain mystique, evoking a sense of nostalgia and historical significance.','Air.png','','ranita14'),
(561,'Smog','Smog is a thick, hazy atmosphere filled with pollutants and particles, typically caused by industrial activities, vehicle emissions, and other human activities that release harmful gases and particles into the air. It can lead to respiratory problems, eye irritation, and other health issues, and can also contribute to climate change.','Air.png','','ranita14'),
(562,'Caveon','Caveon is a noun that refers to a large, underground chamber or cavern, typically formed by the dissolution of rock in a natural setting. It can be a place of darkness, silence, and mystery, with unique geological features and formations. The term can also be used metaphorically to describe a place of refuge or sanctuary, where one can find solitude and safety from the outside world.','Dragon.png','','ranita14'),
(563,'Ruins','Sure! Here\'s a brief description of the word \"Ruins\":\r\n\r\nRuins evoke a sense of decay and neglect, of once-great structures reduced to crumbling remnants. They speak of the transience of human endeavor, the fleeting nature of civilizations past. Overgrown with vegetation, reclaimed by nature, ruins stand as testaments to the power of time and the indifference of the natural world. Yet, despite their dilapidated state, they retain an air of haunting beauty, a reminder of the grandeur that once was.','Building.png','','ranita14'),
(564,'Ice','Cool, crisp, and crystalline, ice glints in the light like a frozen dream. It blankets the landscape, transforming winter\'s chill into a beauty that shines.','Water.png','','ranita14'),
(565,'Frost','Frost is a crisp, white veil that blankets the ground, grass, and trees, bringing a cool and delicate touch to the landscape. It is formed when water vapor in the air freezes, creating tiny, intricate crystals that cling to surfaces and glisten in the sunlight. The frost can be light and fleeting, or thick and persistent, depending on the temperature and humidity of the environment. It can also be evocative of winter\'s chill, bringing to mind images of snowflakes and icy winds.','Snow.png','','ranita14'),
(566,'Chill','Chill: A soothing, relaxing sensation that washes over the mind and body, like a gentle breeze on a warm summer day.','Snow.png','','ranita14'),
(567,'Chilldemonium','Chilldemonium: a term used to describe a state of extreme relaxation and tranquility, characterized by a sense of calmness and serenity that permeates every fiber of one\'s being. It is as if the weight of the world has been lifted, and one is bathed in a soothing, peaceful energy that envelops and calms the mind, body, and soul.','Evil.png','','ranita14'),
(568,'Avalanche','An avalanche is a massive, rapid slide of snow down a mountain or hill, often caused by a sudden release of snow from a weakened slope. It can be a powerful and destructive force, sweeping everything in its path and leaving behind a trail of destruction. The snow can reach speeds of up to 80 miles per hour and can be as tall as 30 feet, causing widespread devastation and making rescue efforts difficult.','Snow.png','','ranita14'),
(569,'Whiteout','Sure, here\'s a brief description of the word \"whiteout\":\n\nWhiteout is a term used to describe a situation where everything around you is blanketed in a thick layer of white snow or fog, making it almost impossible to see or navigate through the area. It\'s as if the world has been drained of all color, leaving only a dazzling white landscape that stretches out in every direction. The air is crisp and cold, and the only sounds you can hear are the gentle rustling of the snow underfoot and the distant howling of wind. It\'s a surreal and almost otherworldly experience, as if you\'ve stepped into a winter wonderland that\'s both beautiful and disorienting.','Snow.png','','ranita14'),
(570,'landslide','A landslide is a sudden and violent movement of rock, soil, or debris down a slope, often initiated by heavy rainfall or earthquakes. It can result in the destruction of buildings, infrastructure, and vegetation, and can pose a significant threat to human life and safety. The term \"landslide\" can also refer to a political or social upheaval, in which a sudden and dramatic change occurs, often in a chaotic or unpredictable manner.','Explosion.png','','ranita14'),
(571,'Valley','Sure! Here is a brief description of the word \"Valley\":\n\nA valley is a low area of land between hills or mountains, often with a river or stream flowing through it. It can be a picturesque and tranquil place, with rolling green hills and sparkling water. The word \"valley\" can also refer to a specific geographic region, such as the San Joaquin Valley in California or the Valley of the Kings in Egypt.','Earth.png','','ranita14'),
(572,'Canyon','A deep, narrow gorge carved by the relentless flow of water, with towering rock formations on either side, plunging hundreds of feet below.','Mountain.png','','ranita14'),
(573,'Glacier','A vast, slow-moving river of ice, carved by the relentless force of snow and wind over countless centuries. Glaciers stretch across the landscape, shaping mountains and valleys with their frozen might, their ancient, glistening surfaces scarred by the passage of time.','Snow.png','','ranita14'),
(574,'Iceberg','An iceberg, a majestic and mysterious mass,\nLies hidden beneath the surface, vast and vast.\nA portion of its bulk, visible to the eye,\nA small fraction of its total weight, it doth deny.\n\nIts icy hull, a shimmering sight to behold,\nGlistens in the sun, as the waves do unfold.\nA floating island, in the ocean\'s embrace,\nA frozen giant, in a world of endless space.','Snow.png','','ranita14'),
(575,'Fjord','Sure! Here\'s a brief description of the word \"fjord\":\n\nA long, narrow inlet of the sea, typically formed by glacial erosion and often found in mountainous coastal areas. Fjords are characterized by steep cliffs and walls on either side, with a gentle slope leading to the deep, narrow waterway. They are often fed by rivers and can be home to a diverse array of marine life.','Water.png','','ranita14'),
(576,'Fjordcloud','Fjordcloud: A majestic, serene landscape of glittering blue waters, surrounded by towering mountain peaks and lush greenery.','Cloud.png','','ranita14'),
(577,'River','A slow-moving, winding body of water, often bordered by lush vegetation and picturesque landscapes. Its gentle currents flow through a serene and tranquil environment, providing a sense of calmness and beauty to those who gaze upon it.','Water.png','','ranita14'),
(578,'Lake','Lake: A vast, serene body of fresh or saltwater, often surrounded by lush greenery and towering trees, with possible islands or peninsulas breaking the horizon.','Water.png','','ranita14'),
(579,'Ocean','Sure! Here\'s a brief description of the word \"ocean\":\r\n\r\nAn immense, interconnected body of saltwater that covers over 70% of the Earth\'s surface, the ocean is home to a vast array of marine life, including fish, whales, dolphins, and coral. It is a vital source of food, transportation, and recreation for billions of people around the world, and plays a crucial role in regulating the Earth\'s climate and weather patterns. The ocean\'s vastness and depths are still largely unexplored, and it continues to hold many secrets and mysteries waiting to be uncovered.','Wave.png','','ranita14'),
(580,'Bergcean','Bergcean: a word that evokes a sense of vast, untamed landscapes, rugged mountains, and the crisp, cool air of high altitudes. It suggests a place where the elements are unforgiving, yet beautiful and awe-inspiring. The word itself has a strong, melodic sound, as if it were meant to be sung.','Mountain.png','','ranita14'),
(581,'Rain','Sure! Here\'s a brief description of the word \"Rain\":\n\nRain is a liquid precipitation that falls from the sky, often accompanied by gray skies and a cool, damp atmosphere. It\'s a natural phenomenon that occurs when water vapor in the air condenses and falls to the ground, providing moisture for plants and other living things. The sound of raindrops hitting the ground is a soothing, rhythmic sound that can be both calming and invigorating.','Rain.png','','Admin'),
(582,'Slosh','Slosh: A delicate, wavy shape that flows and curves gracefully, like a liquid spilling from a vessel. Its edges are soft and blurred, giving it a dreamy, ethereal quality.','Water.png','','Admin'),
(583,'Slush','Slush is a word that evokes a sense of cold, wet, and squishy. It can refer to a thick, gooey liquid that is often found outside in the winter months, pooling on the ground and making a squelching sound as you walk through it. It can also describe a type of drink, typically made with coffee or tea, that is served hot and frothy, and is often enjoyed during the colder seasons. Additionally, the term \"slush\" can be used to describe something that is haphazard or disorganized, such as a messy room or a poorly organized event.','Snow.png','','Admin'),
(584,'Slushtopia','Slushtopia is a whimsical, fantastical realm where the air is sweet with the fragrance of exotic fruits and the sky is a kaleidoscope of iridescent colors. Towering floral arrangements sway gracefully in the gentle breeze, their petals shimmering like stained glass windows. A soft, ethereal music fills the atmosphere, its melody evoking a sense of joy and wonder. In this enchanted land, anything is possible, and the imagination knows no bounds.','Snow.png','','Admin'),
(585,'Slushiverse','Slushiverse: a realm of ethereal, swirling vapors, their transient forms shifting and morphing like frozen dreams.','Snow.png','','Admin'),
(586,'Copycat','Sure! Here is a brief description of the word \"copycat\":\r\n\r\nA copycat is someone or something that imitates or mimics another person or thing, often in a way that is meant to deceive or fool others. It can refer to a person who imitates the behavior or actions of someone else, or a product that is designed to look or act like another product. The term can also be used to describe a person who is overly imitative or lacks originality.','Magic.png','','Admin'),
(587,'Mimicry','Mimicry is the act of imitating or copying the appearance, behavior, or characteristics of something else, often to blend in or deceive. It can take many forms, from a bird mimicking a crow\'s call to a chameleon changing its color to match its surroundings. Mimicry can be found in nature, art, and even human behavior, where individuals may adopt the mannerisms or speech patterns of others to conform or gain an advantage.','Magic.png','','Admin'),
(588,'Imitation','Imitation is the act of mimicking or copying something else, often to create the illusion of authenticity or to pay homage to the original. It can involve replicating the appearance, voice, or mannerisms of someone or something else, and can be used in various contexts such as art, entertainment, and even scientific research.','Magic.png','','Admin'),
(589,'Style','Sure! Here\'s a brief description of the word \"style\":\n\nStyle is the way in which something is arranged or presented, often with a focus on aesthetics or elegance. It can refer to the distinctive manner in which something is designed, decorated, or presented, such as a particular fashion sense or a unique way of expressing oneself. Style can also imply a sense of sophistication, refinement, or taste, and can be used to describe a wide range of things, including clothing, home decor, literature, music, and more.','Clothes.png','','Admin'),
(590,'Fashion','Fashion is a form of self-expression, a means of conveying one\'s personality, mood, or aesthetic sensibilities through the clothing and accessories one wears. It is a dynamic and constantly evolving industry, with new trends and styles emerging each season, influencing the way people present themselves to the world. Fashion can be a reflection of cultural and social norms, as well as a subversion of them, and it can be used to make statements, to express individuality, and to connect with others. Through fashion, people can communicate their values, their beliefs, and their identity, and it can also be a way to challenge and redefine traditional notions of beauty and style.','Clothes.png','','Admin'),
(591,'Trend','Trend is a term that refers to a current or popular fashion, idea, or activity that is widely followed or practiced by a significant number of people. It can describe a wide range of things, from clothing and beauty trends to social media platforms and cultural movements. Trends often emerge and evolve rapidly, and they can have a significant impact on society and culture.','Internet.png','static/imagenes/elementos/Brick.png','Admin'),
(592,'Meme','Sure, here is a brief description of the term \"meme\":\r\n\r\nA meme is a cultural idea, behavior, or style that is transmitted from person to person within a culture, often through the internet. It can take many forms, including images, videos, catchphrases, and even dance moves. Memes are often used to express a particular feeling or idea, and they can be wildly popular and widely shared across different social media platforms. They can also be used to comment on current events or to poke fun at popular culture.','Internet.png','','Admin'),
(593,'Helicopter','A helicopter is a type of aircraft that uses rotating blades to generate lift and propulsion. It has a rotor system consisting of a mast, rotor blades, and a rotor head, which rotate in a horizontal plane to generate lift and propulsion. The rotor blades are typically made of lightweight, yet strong materials such as aluminum or composite materials, and are tilted at a specific angle to create lift. The rotor head contains the engine and transmission, which power the rotor blades. The tail of the helicopter is equipped with vertical stabilizers and horizontal stabilizers, which help to stabilize the aircraft during flight.','Air.png','','Admin'),
(594,'Spinner','Sure! Here is a brief description of the word \"spinner\":\r\n\r\nA spinner is a small, handheld device with a rotating wheel or disc that is used to generate random numbers or outcomes. It is often used in games, contests, or other situations where a random result is desired. The spinner typically has a series of numbers or symbols printed on its wheel, and users can spin it by hand or with a small handle to generate a randomly selected outcome.','Spiral.png','static/imagenes/elementos/Spiral.png','Admin'),
(595,'Whirlybird','Sure! Here is a brief description of the word \"Whirlybird\":\r\n\r\nA whirlybird, also known as a helicopter, is a type of aircraft that can hover, take off, and land vertically. It has one or more rotating wings, or rotor blades, that generate lift and propulsion. The rotors are typically mounted on a mast or boom and can rotate in a circular motion to generate lift and thrust. Whirlybirds are used for a variety of purposes, including transportation, military operations, search and rescue, and medical evacuation.','Spiral.png','','Admin'),
(596,'Flamecome','Flamecome is a word that evokes a sense of fiery intensity. It suggests a gentle, soothing warmth that radiates from within, like the soft glow of a flame. The word carries a sense of intimacy and closeness, as if the flame is sharing its warmth with those around it. It can also evoke a sense of movement, as if the flame is slowly dancing or fluttering, casting a mesmerizing light on all it touches.','Fire.png','','Admin'),
(597,'Viral','Viral refers to something that is rapidly spreading or circulating widely, often through the internet or social media. It can describe a popular trend, meme, or piece of content that is being shared and viewed by a large number of people in a short amount of time. The term can also be used to describe a disease or illness that is spreading quickly and infecting a large number of people. In general, viral refers to something that is widespread and rapidly gaining attention or interest.','Virus.png','','Admin'),
(598,'Internet','The Internet is a vast, interconnected network of digital resources, including billions of websites, databases, servers, and devices. It is a global network of networks that enables communication, information sharing, and collaboration between individuals, organizations, and devices. The Internet has revolutionized the way people communicate, access information, and conduct business, and has become an integral part of modern life.','Internet.png','','Admin'),
(599,'Network','Sure! Here\'s a brief description of the word \"Network\":\n\nA network is a collection of interconnected computers, servers, and other devices that are able to communicate and share resources with each other. It can be a local area network (LAN) within a single building or a wide area network (WAN) that spans multiple locations. A network can be wired or wireless, and can be used for a variety of purposes, including sharing files and printers, accessing the internet, and communicating with other devices and systems.','Internet.png','','Admin'),
(600,'Web','Web: A vast, interconnected network of online resources and information, accessed through the internet or other network connections. It provides a platform for communication, collaboration, and sharing of knowledge and ideas, as well as a vast array of services and applications, including social media, email, online shopping, and more.','Internet.png','','Admin'),
(601,'Portal','A sleek, shimmering portal framed by two parallel rectangles, one a deep blue and the other a warm golden hue. The portal glows softly with an ethereal light, pulsing with an otherworldly energy. The edges of the portal are smooth and curved, inviting passage through to the unknown realms beyond.','Internet.png','','Admin'),
(602,'Gateway','Sure! Here is a brief description of the word \"Gateway\":\n\nA gateway is a point of entry or access to a larger space or system. It can be a physical structure, such as a door or a bridge, or a virtual one, such as a website or a platform. A gateway often serves as a portal or a gateway to a new or unfamiliar place, and can represent a transition or a change in direction. It can also refer to a company or organization that provides access to a particular market or industry.','Internet.png','','Admin'),
(603,'Phoenix','Sure! Here is a brief description of the word \"Phoenix\":\n\nPhoenix is a mythical bird known for its majestic plumage, vibrant colors, and eternal life. It is said to be born from its own ashes, rising from the flames like a phoenix from the ashes. The bird is often associated with rebirth, renewal, and resurrection, symbolizing the cyclical nature of life and death. In many cultures, the phoenix is a symbol of hope, transformation, and immortality.','Fire.png','','Admin'),
(604,'ViralStorm','ViralStorm is a term that evokes a sense of intense and rapid spread, often referring to the rapid dissemination of information, ideas, or content through digital channels. It can describe the sudden and widespread popularity of a meme, the rapid transmission of a virus or disease, or the swift and sweeping change that occurs in a particular context. The term implies a sense of chaos and unpredictability, as well as a certain level of intensity and energy.','Virus.png','','Admin'),
(605,'Fortress','A towering, impenetrable structure, built to withstand sieges and protect its occupants from harm. Its massive walls and formidable gates seem to loom overhead, casting a shadow of invincibility over the landscape. Within its walls, a fortress offers a safe haven, a place of refuge and security.','Dragon.png','','ranita14'),
(606,'Tower','A towering structure, often grand and imposing, reaching towards the sky with a slender, soaring form. Its walls are thick and sturdy, supporting the weight of a heavy roof or crown, which may be adorned with intricate details and ornaments. The tower may be freestanding or part of a larger structure, such as a castle or cathedral, and its design may reflect a variety of architectural styles and influences.','Mountain.png','','ranita14'),
(607,'Skyscraper','Skyscraper: A towering structure of steel, glass, and concrete, often stretching towards the sky with a slender, pointed silhouette. Its smooth, curtain walls gleam in the sunlight, while the rooftop holds delicate, intricate equipment and maybe even a observation deck for those brave enough to venture up.','Skull.png','','ranita14'),
(608,'Island','Sure! Here\'s a description of the word \"Island\":\n\nAn island is a piece of land surrounded by water, typically a sea or ocean. It can be small or large, rocky or sandy, and may be home to various types of vegetation and wildlife. Islands can be isolated or connected to the mainland by bridges or ferries, and they often have unique cultures and ecosystems.','Island.png','','ranita14'),
(609,'Archipelago','An archipelago is a group of islands clustered together in a sea or ocean, often characterized by their diverse landscapes, cultures, and ecosystems. The term can evoke a sense of remoteness and isolation, as well as a sense of connection and community among the islands and their inhabitants. The word can also suggest a sense of beauty and mystery, as the islands may be surrounded by crystal-clear waters, coral reefs, and a rich array of flora and fauna.','Island.png','','ranita14'),
(610,'Islands','Sure, here\'s a brief description of the word \"Islands\":\n\nIslands are large bodies of land surrounded by water, typically found in oceans, seas, or lakes. They can be of varying shapes and sizes, with diverse landscapes, vegetation, and wildlife. Some islands are inhabited by humans, while others are uninhabited and serve as wildlife sanctuaries or tourist destinations.','Island.png','','ranita14'),
(611,'Snowcastle','A grand, gleaming fortress of ice and snow, towering above the frozen landscape like a monarch on its throne.','Snow.png','','ranita14'),
(612,'Megastructure','A megastructure is a massive, sprawling structure that dwarfs conventional buildings in scale and complexity. It can take many forms, such as a space station, a generation ship, or a colossal arcology, and is often characterized by its sheer size and technological sophistication. These structures are often built to serve a specific purpose, such as housing a large population, conducting scientific research, or providing a new habitat for humanity. The term \"megastructure\" implies a structure of immense proportions, one that transcends the limits of traditional architecture and speaks to the ingenuity and ambition of humanity.','Building.png','','ranita14'),
(613,'Cataclysm','Cataclysm: a sudden, violent, and irreversible change or event, often of a catastrophic nature, such as a natural disaster or the collapse of a system.','Explosion.png','','ranita14'),
(614,'Apocalypse','An apocalypse is a catastrophic event that brings about the end of the world or a particular era, characterized by destruction, chaos, and devastation on a massive scale. It often involves natural disasters, wars, or other cataclysmic events that result in the collapse of societies and the end of civilization as we know it. The term is often associated with feelings of fear, dread, and hopelessness, as it represents the complete and utter destruction of all that is familiar and dear to us.','Explosion.png','','ranita14'),
(615,'Tidalwave','Tidalwave: A wave of water that moves in a regular and predictable pattern, often caused by the gravitational pull of the moon or sun.','Wave.png','','ranita14'),
(616,'Gorge','Gorge is a word that evokes a sense of grandeur and awe. It can describe a deep and narrow valley with steep cliffs on either side, carved out by a river or other body of water. The word can also refer to a beautiful or impressive view, such as a gorgeous sunset or a stunning landscape. In both cases, the word conveys a sense of majesty and wonder.','Volcano.png','','ranita14'),
(617,'Aqualand','Aqualand is a place of serene beauty, where the boundaries between sea and sky are blurred. The water is crystal clear, reflecting the vibrant hues of the tropical fish that dart and dance within its depths. Coral reefs stretch as far as the eye can see, their vibrant colors a testament to the incredible diversity of life that thrives in this underwater world. The air is filled with the sweet scent of saltwater and the gentle lapping of waves against the shore, creating a sense of tranquility that is hard to find elsewhere.','Water.png','','ranita14'),
(618,'Atlantis','Atlantis, a mystical island of legend, lost to the passage of time and the ravages of the sea. A place of ancient wisdom, where the secrets of the gods and the mysteries of the universe were said to be revealed. Its shores were rumored to be lined with golden beaches and emerald forests, its skies filled with the songs of angels and the whispers of the wind. A place of wonder and magic, where the fantastical and the mundane blurred together in a kaleidoscope of dreams and desires.','Island.png','','ranita14'),
(619,'LostCity','Lost City... a place of ancient grandeur, where crumbling ruins whisper tales of a civilization long forgotten. Once bustling with life and activity, now overgrown with vines and moss, the buildings stand as a testament to the passage of time. The air is heavy with the scent of decay and mystery, as if the very earth is holding its breath, waiting to reveal the secrets of the past.','Dragon.png','','ranita14'),
(620,'Tremor','Tremor: A subtle, involuntary shaking or vibration, often noticed in the hands or head, caused by muscle contractions or nerve activity.','Volcano.png','','ranita14'),
(621,'Tsunami','A towering, watery wall of destruction, born from the deep blue depths of the ocean.','Wave.png','','ranita14'),
(622,'Megatsunami','Megatsunami: A massive, destructive wave of water that can reach distances of hundreds or even thousands of kilometers, often triggered by earthquakes, volcanic eruptions, or other catastrophic events.','Wave.png','','ranita14'),
(623,'Cyclone','A cyclone is a large, rotating storm system characterized by strong winds and low atmospheric pressure. It forms when warm, moist air rises and cools, causing water vapor to condense into heavy rain and thunderstorms. The rotation of the cyclone is fueled by the Coriolis force and the differences in air pressure between the center and the edges of the storm. Cyclones can cause significant damage, including powerful winds, heavy rainfall, and flooding. They are also known as hurricanes or typhoons, depending on their location.','Tornado.png','','ranita14'),
(624,'Mockery','Sure! Here is a brief description of the word \"Mockery\":\n\nMockery is a noun that refers to a ridiculous or contemptible imitation of something, often with the intention of mocking or belittling it. It can also refer to a person or thing that is the subject of such ridicule or contempt. The term often carries a connotation of sarcasm or irony, and can be used to describe a situation in which someone is making fun of something in a mocking or disrespectful manner.','Evil.png','','ranita14'),
(625,'Monolith','A massive, imposing structure of stone or metal, often cylindrical or spherical in shape, with a smooth, uniform surface and a subtle, otherworldly glow emanating from within.','Skull.png','','ranita14'),
(626,'Doomsdaychic','Doomsdaychic: An aesthetic that embraces the apocalypse with bold, vibrant colors and a dash of dark humor. Think hot pink and neon green hues, mixing with Gothic accents and a hint of irony. This look is not for the faint of heart, as it revels in the chaos and destruction that lies ahead.','Explosion.png','','ranita14'),
(627,'Replica','A replica is a copy or imitation of something else, often used to describe a substitute or replacement that is nearly identical in appearance or function.','Magic.png','','ranita14'),
(628,'Aquarium','An underwater world teeming with life, where colorful fish dart and glide through crystal-clear water, surrounded by coral reefs and kelp forests.','Water.png','','ranita14'),
(629,'Tank','A large, armored vehicle used for transporting people or cargo, often in military or industrial settings.','Weapon.png','','ranita14'),
(630,'Kingdom','Sure, here is a brief description of the word \"Kingdom\":\n\nA kingdom is a large and powerful state or country, typically ruled by a monarch or king. It can refer to a political entity, a geographic area, or a religious or cultural entity. A kingdom is often characterized by a centralized government, a hierarchical social structure, and a distinct cultural identity. It can also refer to a period of time in history when a particular ruler or dynasty held power.','Crown.png','','ranita14'),
(631,'Metropolis','Sure! Here\'s a brief description of Metropolis:\n\nMetropolis is a towering, sprawling city that seems to stretch on forever. Its skyline is dominated by sleek skyscrapers and grandiose architecture, while the streets below are bustling with people from all walks of life. The city\'s neon-lit streets glow with an otherworldly intensity, casting a futuristic sheen over everything. Despite its towering heights and advanced technology, there is a sense of grit and determination that permeates every corner of this bustling metropolis.','Clothes.png','','ranita14'),
(632,'Megacity','A megacity is a large and densely populated urban area, typically characterized by a population of over 10 million people. These cities are often hubs of economic and cultural activity, with diverse populations and a wide range of industries and businesses. Megacities are often associated with fast-paced, high-tech lifestyles, and can be found in countries around the world, such as Tokyo, New York City, and Mumbai.','Clothes.png','','ranita14'),
(633,'Trendopolis','Trendopolis: A futuristic cityscape, sleek skyscrapers pierce the clouds, their mirrored facades glimmering like ice. The streets hum with activity, holographic advertisements flickering like fireflies, while self-driving cars zipping by with barely a whisper.','Clothes.png','','ranita14'),
(634,'Underwater','Sure! Here\'s a brief description of the word \"underwater\":\n\nUnderwater, the world is a strange and mystical place. The light is dim and blue, and the air is thick with the scent of salt and seaweed. Creatures move stealthily through the dark waters, their forms blurred and distorted by the gloom. The sound of bubbles rises to the surface, and the distant hum of a school of fish can be heard, their scales glinting like jewels in the dim light.','Water.png','','ranita14'),
(635,'Hybridia','Hybridia is a term that refers to the fusion of two or more distinct entities, ideas, or concepts into a single, new whole. It can be used to describe a wide range of phenomena, from the biological fusion of different species to the blending of different cultural or artistic styles. In a broader sense, hybridia can represent the intersection of different disciplines or perspectives, where knowledge and understanding are created through the combination of seemingly disparate elements.','Dragon.png','','ranita14'),
(636,'Tropicalia','Tropicalia is a term used to describe a style of music and art that originated in Brazil in the 1960s. It is characterized by a blend of traditional Brazilian music, such as samba and bossa nova, with elements of rock, funk, and other international styles. Tropicalia is known for its complex and experimental sound, which often incorporates elements of social and political commentary. The movement was a reaction against the traditional music of Brazil and sought to create a new, more modern sound that reflected the country\'s diverse cultural influences. Some notable Tropicalia artists include Caetano Veloso, Gilberto Gil, and Tom Ze.','Island.png','','ranita14'),
(637,'Glitteralia','Glitteralia: a shimmering, sparkling language that dances with vibrant, iridescent hues, each word dripping with luxurious, ethereal light.','Shiny.png','','ranita14'),
(638,'Glitter','Glitter is a shimmering, sparkling substance that is often used to add a touch of elegance and whimsy to various applications, such as costumes, crafts, and makeup. It comes in a variety of colors and shapes, including small, delicate flakes, larger, more irregular pieces, and even edible glitters. When applied to a surface, glitter can create a dazzling, eye-catching effect that is sure to draw attention and add a bit of magic to any setting.','Shiny.png','','ranita14'),
(639,'Sparklepocalypse','Sparklepocalypse: a whimsical, glittering cataclysm that unleashes a torrent of shimmering energy, piercing the veil between realms and unleashing a kaleidoscope of fantastical creatures and celestial phenomena upon the world.','Explosion.png','','ranita14'),
(640,'VOGUE','Vogue is a luxurious and prestigious fashion magazine that is synonymous with high society and haute couture. Its pages are filled with visions of beauty and elegance, showcasing the latest trends and designs from the world\'s top designers. From the glossy photographs to the in-depth interviews, Vogue is a must-read for anyone with a passion for fashion and style.','Water.png','','ranita14'),
(641,'VOGUEUE','Vogueueue is a word that exudes a sense of luxury and sophistication. It is a term that evokes images of high fashion, elegance, and refinement. The very sound of the word is smooth and refined, with a hint of French flair. It is a word that suggests a certain level of cultural capital, a knowledge of the latest trends and a keen eye for style. When used to describe a person or object, vogueueue conveys an air of prestige and sophistication.','Clothes.png','','ranita14'),
(642,'Aquaria','Aquaria is a vibrant, ethereal world filled with luminescent flora and fauna, floating islands, and hidden dangers lurking beneath the surface. The atmosphere is one of mystery and wonder, as if the very fabric of reality is made up of the glowing, iridescent waters that surround the land.','Water.png','','ranita14'),
(643,'Flood','Flood is a term that evokes images of overwhelming water, submerging everything in its path. It conjures up thoughts of deluge, inundation, and a sense of being overwhelmed by the sheer volume of water. The word can evoke feelings of panic and helplessness, as well as a sense of being powerless against the forces of nature. It can also bring to mind images of destruction and devastation, as floods can cause widespread damage to property and infrastructure.','Water.png','','Test2'),
(644,'Soil','Soil, the rich, dark earthy substance that nourishes and sustains the growth of plants and crops. It is a vital resource for life on land, providing the necessary nutrients, water, and support for roots to thrive. Soil is composed of a complex mixture of organic matter, minerals, and other substances, and its structure and quality can vary greatly depending on factors such as climate, geography, and human activity. From the loamy soils of the garden to the sandy soils of the desert, soil is essential for the sustenance of life on our planet.','Earth.png','','Test2'),
(645,'Tempest','Tempest: A powerful and intense storm, with strong winds and heavy rains, often associated with the sea or ocean. The word can also refer to a sudden and violent outburst of emotion, as if a storm were raging inside one\'s mind.','Lightning.png','','Test2'),
(646,'Weathering','Weathering is the process of deterioration or disintegration of rock or other materials due to exposure to the elements, such as wind, rain, temperature fluctuations, and chemical reactions. It can result in the breakdown of rocks into smaller particles, the formation of cracks and crevices, and the erosion of surfaces. Over time, weathering can alter the appearance and structure of a rock or material, creating a distinctive patina or texture.','Rain.png','','Test2'),
(647,'Erosion','Erosion is a gradual and continuous process of wearing away or removal of earth\'s surface materials, such as rocks, soil, and sand, through the action of wind, water, or ice. It can occur through various natural forces, including weathering, transportation, and deposition, and can result in the formation of new landforms, such as beaches, deltas, or canyons.','Water.png','','Test2'),
(648,'Sediment','Sediment is a term used in geology to describe the small particles or rocks that are transported by wind, water, or ice and deposited in a new location, often forming a layer or layered structure. These particles can range in size from tiny dust grains to large boulders and can be composed of a variety of materials, including clay, silt, sand, and gravel. Sediment can accumulate in rivers, lakes, and oceans, and its composition and distribution can provide valuable information about the geological history of an area.','Earth.png','','Test2'),
(649,'Atmosphere','Sure! Here\'s a brief description of the word \"atmosphere\":\n\nAtmosphere refers to the gaseous envelope that surrounds a planet or other celestial body, protecting it from the vacuum of space and providing the conditions necessary for life to exist. It is composed of various gases, including nitrogen, oxygen, and carbon dioxide, and can also include other substances such as water vapor and dust particles. The atmosphere plays a crucial role in regulating the planet\'s climate and weather patterns, and is essential for supporting the diverse range of life forms that exist on Earth.','Air.png','','Test2'),
(650,'E-commerce','E-commerce refers to the buying and selling of goods and services over the internet. It involves the use of technology to facilitate online transactions, including the sale of physical products, digital products, and services. E-commerce has revolutionized the way people shop and do business, providing a convenient and accessible platform for consumers and businesses alike. With the growth of e-commerce, traditional brick-and-mortar stores have had to adapt to stay competitive, and many have embraced online sales as a way to reach a wider audience. The rise of e-commerce has also created new opportunities for entrepreneurs and small businesses to compete with larger companies.','Internet.png','','Admin'),
(651,'Aquiverse','Aquiverse is a term that conjures up images of a vast, underwater world teeming with life. It evokes the idea of a place where the ocean\'s depths are home to a dazzling array of creatures, from the familiar (fish, dolphins, whales) to the bizarre and unknown. The word suggests a realm of untold wonders, where the boundaries between sea and sky are blurred, and the mysteries of the deep are waiting to be uncovered.','Water.png','','Hskull55'),
(652,'Foggy','Foggy: A dense, white mist shrouds the landscape, obscuring distant horizons and rolling hills. The air is cool and damp, with a faint saltiness to it. The fog swirls and drifts, casting an ethereal glow over the scene. It\'s as if the world has been shrouded in a veil of mystery, hiding secrets and dangers just beyond the reach of sight.','Cloud.png','','Hskull55'),
(653,'Tropical','Sure! Here\'s a brief description of the word \"Tropical\":\n\nTropical represents a type of climate characterized by high temperatures and high humidity throughout the year. Typically found near the equator, these regions are known for their lush vegetation, exotic flora and fauna, and warm, sandy beaches. Tropical locations often experience heavy rainfall and are prone to hurricanes and typhoons. The term can also evoke a sense of relaxation and leisure, as tropical destinations are often sought after for their tranquil atmosphere and paradisiacal landscapes.','Island.png','','Hskull55'),
(654,'Paradise','Paradise is a word that conjures up images of a serene and tranquil utopia, a place of unparalleled beauty and peace. It is a realm where all is well, where happiness and contentment reign supreme, and where the stresses and cares of the outside world seem to fade away.\n\nIn this idyllic setting, the sun shines bright and warm, the air is filled with the sweet scent of blooming flowers, and the sound of birdsong fills the air. The landscape is characterized by lush greenery, crystal-clear waters, and rolling hills that stretch as far as the eye can see.\n\nParadise is a place where dreams come true, where the imagination knows no bounds, and where the spirit is free to soar. It is a refuge from the mundane, a sanctuary where one can escape the trials and tribulations of everyday life and find solace in the pure and simple joys of being.','Island.png','','Hskull55'),
(655,'Utopia','Utopia: A mythical, idyllic realm of perfect harmony and happiness, where all the citizens live in peace and prosperity, free from suffering, conflict, and inequality. A place where the laws and institutions are just and fair, and where everyone has access to the necessities of life and the opportunity to reach their full potential. A society where people live in harmony with the environment and with each other, and where the values of compassion, cooperation, and mutual respect are paramount.','Island.png','static/imagenes/elementos/Thalasor.png','Hskull55'),
(656,'Panorama','Panorama: A stunning, sweeping view that takes in a wide area, often with a visual representation of the horizon.','Mountain.png','','Hskull55'),
(657,'Surroundings','Sure! Here\'s a brief description of the word \"Surroundings\":\n\nSurroundings are the things that are close to and around something else, enveloping it on all sides. It can refer to the environment or atmosphere of a particular place or situation, including the physical objects, people, and other elements that make up that space. The surroundings can greatly impact how one feels or experiences something, and can also influence the actions and decisions of those within it.','Tree.png','','Hskull55');
/*!40000 ALTER TABLE `elementos` ENABLE KEYS */;
UNLOCK TABLES;

--
-- Table structure for table `elementos_creadores`
--

DROP TABLE IF EXISTS `elementos_creadores`;
/*!40101 SET @saved_cs_client     = @@character_set_client */;
/*!40101 SET character_set_client = utf8 */;
CREATE TABLE `elementos_creadores` (
  `id` bigint(20) NOT NULL AUTO_INCREMENT,
  `dbelementos_id` int(11) NOT NULL,
  `user_id` int(11) NOT NULL,
  PRIMARY KEY (`id`),
  UNIQUE KEY `elementos_creadores_dbelementos_id_user_id_aa1bc382_uniq` (`dbelementos_id`,`user_id`),
  KEY `elementos_creadores_user_id_fae28a64_fk_auth_user_id` (`user_id`)
) ENGINE=InnoDB AUTO_INCREMENT=598 DEFAULT CHARSET=utf8mb4 COLLATE=utf8mb4_general_ci;
/*!40101 SET character_set_client = @saved_cs_client */;

--
-- Dumping data for table `elementos_creadores`
--

LOCK TABLES `elementos_creadores` WRITE;
/*!40000 ALTER TABLE `elementos_creadores` DISABLE KEYS */;
INSERT INTO `elementos_creadores` VALUES
(158,1,1),
(159,2,1),
(160,3,1),
(161,4,1),
(357,504,1),
(162,504,4),
(164,504,8),
(163,505,4),
(166,505,8),
(179,506,1),
(590,506,4),
(165,506,8),
(556,506,10),
(580,506,17),
(169,507,8),
(523,507,10),
(170,508,8),
(522,508,10),
(171,509,8),
(176,510,8),
(180,511,1),
(307,511,8),
(525,511,10),
(181,512,1),
(416,512,8),
(557,512,10),
(182,513,1),
(223,513,4),
(465,513,8),
(528,513,10),
(198,513,13),
(203,513,16),
(215,514,1),
(402,514,4),
(254,514,8),
(190,514,10),
(191,514,11),
(193,514,12),
(217,515,1),
(192,515,11),
(194,515,12),
(367,516,1),
(255,516,8),
(197,516,12),
(207,517,1),
(224,517,4),
(199,517,13),
(204,517,16),
(220,518,1),
(583,518,4),
(386,518,8),
(200,518,14),
(201,518,15),
(221,519,1),
(202,519,15),
(205,520,16),
(206,521,16),
(218,522,1),
(592,522,4),
(219,523,1),
(252,523,8),
(222,524,1),
(225,525,4),
(226,526,4),
(549,526,10),
(227,527,4),
(231,528,1),
(232,529,1),
(450,529,8),
(244,530,1),
(451,530,8),
(368,531,1),
(256,531,8),
(585,532,4),
(259,532,8),
(260,533,8),
(261,534,8),
(262,535,8),
(263,536,8),
(264,537,8),
(265,538,8),
(499,538,10),
(266,539,8),
(267,540,8),
(273,541,8),
(276,542,8),
(278,543,8),
(558,543,10),
(279,544,8),
(282,545,8),
(283,546,8),
(284,547,8),
(285,548,8),
(288,549,8),
(289,550,8),
(292,551,8),
(295,552,8),
(296,553,8),
(297,554,8),
(298,555,8),
(517,555,10),
(299,556,8),
(301,557,8),
(303,558,8),
(304,559,8),
(306,560,8),
(515,560,10),
(310,561,8),
(315,562,8),
(317,563,8),
(318,564,8),
(319,565,8),
(320,566,8),
(321,567,8),
(324,568,8),
(326,569,8),
(327,570,8),
(328,571,8),
(329,572,8),
(330,573,8),
(331,574,8),
(333,575,8),
(334,576,8),
(336,577,8),
(337,578,8),
(338,579,8),
(340,580,8),
(343,581,1),
(346,582,1),
(347,583,1),
(348,584,1),
(349,585,1),
(351,586,1),
(453,586,8),
(352,587,1),
(454,587,8),
(353,588,1),
(455,588,8),
(359,589,1),
(461,589,8),
(360,590,1),
(464,590,8),
(361,591,1),
(362,592,1),
(363,593,1),
(364,594,1),
(365,595,1),
(371,596,1),
(372,597,1),
(374,598,1),
(375,599,1),
(377,600,1),
(378,601,1),
(379,602,1),
(392,603,1),
(404,604,1),
(405,605,8),
(409,606,8),
(410,607,8),
(566,608,4),
(417,608,8),
(418,609,8),
(419,610,8),
(420,611,8),
(421,612,8),
(422,613,8),
(423,614,8),
(426,615,8),
(435,616,8),
(438,617,8),
(439,618,8),
(441,619,8),
(443,620,8),
(444,621,8),
(445,622,8),
(457,623,8),
(459,624,8),
(460,625,8),
(469,626,8),
(471,627,8),
(594,628,4),
(473,628,8),
(474,629,8),
(477,630,8),
(478,631,8),
(479,632,8),
(481,633,8),
(484,634,8),
(486,635,8),
(488,636,8),
(489,637,8),
(492,638,8),
(493,639,8),
(494,640,8),
(495,641,8),
(593,642,4),
(496,642,8),
(516,643,10),
(519,644,10),
(521,645,10),
(533,646,10),
(534,647,10),
(536,648,10),
(591,649,4),
(560,649,10),
(564,650,1),
(565,651,4),
(572,652,4),
(573,653,4),
(578,654,4),
(579,655,4),
(596,656,4),
(597,657,4);
/*!40000 ALTER TABLE `elementos_creadores` ENABLE KEYS */;
UNLOCK TABLES;
/*!40103 SET TIME_ZONE=@OLD_TIME_ZONE */;

/*!40101 SET SQL_MODE=@OLD_SQL_MODE */;
/*!40014 SET FOREIGN_KEY_CHECKS=@OLD_FOREIGN_KEY_CHECKS */;
/*!40014 SET UNIQUE_CHECKS=@OLD_UNIQUE_CHECKS */;
/*!40101 SET CHARACTER_SET_CLIENT=@OLD_CHARACTER_SET_CLIENT */;
/*!40101 SET CHARACTER_SET_RESULTS=@OLD_CHARACTER_SET_RESULTS */;
/*!40101 SET COLLATION_CONNECTION=@OLD_COLLATION_CONNECTION */;
/*!40111 SET SQL_NOTES=@OLD_SQL_NOTES */;

-- Dump completed on 2024-05-13 21:48:57
